,Name,Ping,Kills,Assist,Death,Mvp,HSPR,Pt
0, T 5 7 9,76,21,6,13,â˜…5,28%,53
1, Wasted,48,21,2,10,â˜…4,42%,49
2, Prodigal Dad,86,18,4,9,â˜…,38%,44
3, âœªï¸ Dicky,61,18,2,9,â˜…2,22%,43
4, Real Steel,58,17,3,14,â˜…4,41%,42
5, Thatcher,43,12,2,17,â˜…4,Â ,39
6, BABURAO GANPATRAO APTE,118,13,3,19,â˜…,38%,36
7, ::Snake_Eyes::,6,12,1,18,Â ,33%,30
8, Mr_Melon08,33,10,2,20,Â ,Â ,27
9, K!lLeR,40,7,4,20,Â ,28%,20
10, Smaugâ„¢,66,31,3,11,â˜…6,25%,74
11, NOOB BOY,20,18,4,15,â˜…3,11%,44
12, 13-11-14,166,20,1,15,â˜…2,55%,42
13, Agent Firefly,22,12,7,13,â˜…3,16%,35
14, Prodigal Dad,0,6,1,13,â˜…2,28%,17
15, âœªKIM DA HYUNâ¤,5,22,5,18,â˜…2,22%,56
16, killer9234322,24,14,1,18,â˜…2,40%,33
17, zÎ¿Îµ,49,13,1,19,Â ,30%,30
18, BLAST-iwnl-,172,12,1,16,â˜…2,41%,25
19, fork,17,6,2,19,â˜…,33%,24
20, BREBESSssSSx7z,57,37,2,19,â˜…3,48%,81
21, Veni Vidi Vici !!,51,16,3,22,â˜…4,33%,39
22, Prodigal Dad,114,11,6,22,Â ,36%,29
23, wazzup.?,63,9,2,21,â˜…,44%,23
24, â–„ï¸»Ì·Ì¿â”»Ì¿â•â”ä¸€â˜®,62,8,3,20,â˜…,50%,20
25, Pocoyo,54,32,0,15,â˜…5,28%,75
26, Salty_Chips,12,22,5,16,â˜…4,27%,53
27, Stark,44,18,4,16,â˜…4,27%,45
28, cypharshal,80,16,2,20,â˜…,37%,36
29, Viv^_^Cham,69,14,3,16,â˜…2,57%,36
30, MCPON-117,76,28,4,5,â˜…7,35%,63
31, AlmightyJ3SuS,22,21,1,8,â˜…4,19%,43
32, URBAN SOLDIER,21,12,2,6,Â ,25%,33
33, n0mad,29,14,0,5,â˜…3,28%,28
34, KAAL-BHAIRAV,34,9,2,8,â˜…2,55%,25
35, Astralis â€¢ SPARTAN,60,8,1,16,â˜…,37%,21
36, Dr. Banner,44,8,3,17,â˜…,37%,19
37, Prodigal Dad,75,4,1,15,Â ,Â ,16
38, Sorcerer Supreme,44,7,1,18,Â ,42%,15
39, DAGGER Dada,62,5,1,18,Â ,Â ,13
40, MR.SPOT BOY,15,24,2,13,â˜…8,33%,57
41, Ken Kaneki,46,24,3,13,â˜…3,25%,55
42, THALAL,65,19,2,14,â˜…,42%,48
43, dot godfather,67,15,2,14,â˜…4,53%,47
44, à¸¸,33,15,3,17,Â ,33%,34
45, Astralis â€¢ SPARTAN,78,19,3,19,â˜…2,52%,45
46, Dr. Banner,42,17,6,19,â˜…2,35%,45
47, legendary eagles,64,15,3,19,â˜…,33%,43
48, Prodigal Dad,137,11,2,20,â˜…,18%,28
49, DAGGER Dada,64,9,2,20,â˜…,11%,27
50, DAGGER Dada,50,20,2,17,â˜…3,30%,44
51, legendary eagles,38,20,1,17,â˜…,42%,43
52, WORD.EXE,41,14,5,19,â˜…,42%,35
53, Prodigal Dad,45,13,5,19,â˜…2,38%,33
54, funkyjester 150,81,5,4,21,Â ,Â ,14
55, The GODFather,70,24,3,10,â˜…3,37%,61
56, mogliii,80,24,4,19,â˜…2,25%,56
57, NubeSnap gamdom.com,49,18,7,16,â˜…5,38%,55
58, tekno,90,15,5,14,â˜…3,33%,43
59, zEr0,95,10,3,12,â˜…3,20%,25
60, Lord Bacon,29,27,4,21,â˜…7,29%,61
61, FATPÎ˜Î˜L,7,23,1,17,â˜…5,17%,58
62, I'm Groot,9,22,4,18,â˜…,27%,50
63, Word.exe<me,132,19,1,19,â˜…2,10%,43
64, Bob Ross,32,12,5,23,â˜…,33%,29
65, Juniozzz,109,24,2,18,â˜…3,16%,64
66, â˜£D||_||REX||_||xDâ˜£â„¢,110,29,4,19,â˜…3,27%,62
67, VEGETA,60,17,7,22,â˜…3,23%,43
68, Prodigal Dad,210,15,5,23,â˜…3,33%,37
69, Sneaky Beaky like,5,11,5,23,Â ,27%,29
70, SHAUN,54,29,2,21,â˜…5,27%,69
71, Prodigal Dad,52,27,3,21,â˜…,29%,62
72, Aladin mada faka,122,15,6,21,â˜…2,26%,42
73, â–„ï¸»Ì·Ì¿â”»Ì¿â•â”ä¸€â˜®,58,14,3,22,â˜…3,42%,42
74, PUSEYLOVA6,86,14,4,22,â˜…2,14%,39
75, bozzmob,11,28,3,20,â˜…6,53%,75
76, Shan,34,22,3,18,â˜…3,31%,50
77, paiceps,45,20,3,17,â˜…2,20%,49
78, meuuks,0,19,6,23,â˜…3,31%,49
79, BATS,46,19,5,21,â˜…2,36%,46
80, Thunder_Matrix,43,25,6,13,â˜…6,44%,62
81, â–„ï¸»Ì·Ì¿â”»Ì¿â•â”ä¸€â˜®,34,22,2,14,â˜…4,18%,51
82, SHAUN,82,19,8,13,â˜…3,31%,50
83, Prodigal Dad,79,17,8,16,â˜…3,23%,49
84, Pizza,79,15,3,14,Â ,13%,35
85, SaminRockZZ,94,25,3,19,â˜…2,40%,59
86, B R â™› W N G U Yâ„¢,0,16,1,19,â˜…,43%,39
87, Jackass,129,16,2,21,â˜…3,18%,38
88, Albus Dumbledore,108,6,3,19,â˜…,83%,17
89, _Salty_Soul_,0,1,1,4,Â ,100%,3
90, Oldgordges,53,15,3,17,Â ,40%,33
91, Prodigal Dad,52,9,2,17,Â ,22%,20
92, Bigmc92,0,8,1,12,â˜…,25%,17
93, â–„ï¸»Ì·Ì¿â”»Ì¿â•â”ä¸€â˜®,59,7,1,16,â˜…,57%,15
94, Bloody Hell,0,2,0,5,Â ,Â ,4
95, PST.BADger,81,26,5,6,â˜…7,34%,68
96, Danny57,85,19,5,7,â˜…4,26%,57
97, H4cksl4sh,52,18,1,7,â˜…2,Â ,48
98, Mihawk,26,11,6,14,â˜…2,27%,32
99, UNFAIR,14,7,3,12,â˜…,Â ,18
100, Awesome_KK | Pvpro.com,51,26,4,17,â˜…5,30%,67
101, Jatt Fire Karda,55,28,6,23,â˜…3,42%,65
102, âœªDrNz3râ„¢â˜£,65,24,2,24,â˜…4,41%,54
103, Prodigal Dad,45,22,3,23,â˜…2,40%,51
104, Mad Titan,104,10,6,24,â˜…,30%,31
105, Oswald,33,32,4,21,â˜…4,37%,76
106, zangerdemon,11,27,6,27,â˜…6,33%,63
107, Silver Daemon,27,24,4,20,â˜…,16%,63
108, ScorpioN,38,17,3,21,â˜…4,29%,43
109, C9 âœªï¸ ShaYaN âœª,38,13,3,23,Â ,50%,29
110, Candy,45,29,0,21,â˜…4,17%,63
111, walking DUTCHMAN,43,24,5,21,â˜…4,37%,58
112, âœªSENYA,40,18,2,21,â˜…,15%,39
113, obi.obillo,0,13,1,14,â˜…3,28%,31
114, BOT Noob,0,5,1,2,â˜…,20%,11
115, âœ¯Pokeeeeâœ¯,39,30,9,22,â˜…5,32%,77
116, âœªDrNz3râ„¢â˜£,90,29,4,16,â˜…4,13%,65
117, Prodigal Dad,70,24,6,22,â˜…4,20%,60
118, sHaw,24,10,3,21,â˜…2,10%,24
119, Mad Titan,120,7,3,18,â˜…,Â ,23
120, rahaty2k,84,31,6,24,â˜…3,16%,73
121, Dr. Banner,73,27,3,20,â˜…5,37%,69
122, DAGGER Dada,68,18,2,21,â˜…,44%,53
123, Sorcerer Supreme,58,18,7,23,â˜…3,33%,51
124, Prodigal Dad,75,15,5,20,â˜…3,26%,42
125, The Scientist,27,24,15,23,â˜…2,41%,74
126, Drasti,52,28,1,18,â˜…2,14%,60
127, Volt,32,24,6,23,â˜…5,12%,60
128, Duke of Hazard ! ! !,18,18,6,19,â˜…4,16%,50
129, ViPeRâ„¢,27,14,7,26,â˜…2,14%,45
130, some anime chick,5,53,10,19,â˜…12,24%,116
131, Jackass,92,20,1,17,â˜…,25%,43
132, wolfbarron,69,12,3,16,â˜…,41%,33
133, Prodigal Dad,74,11,3,17,â˜…2,18%,31
134, Bayek ;),33,6,3,16,Â ,Â ,20
135, [SB]`DaNnACross_0043,82,19,1,21,â˜…3,10%,49
136, KK,12,21,3,21,â˜…3,28%,45
137, DADA,138,17,1,19,â˜…,41%,44
138, __NoNiN__,40,16,2,22,â˜…2,11%,40
139, [SB] ` MaNiC CROSS.,81,10,2,21,â˜…2,20%,23
140, DWIGHT SCHRUTE,17,21,6,12,â˜…5,38%,51
141, Kai'Sa - LoL,5,23,1,12,â˜…4,47%,47
142, Bobur4ik,40,20,3,9,â˜…2,30%,47
143, PRISON  MIKE,26,16,3,11,â˜…3,37%,41
144, SledgeHammer,24,18,3,14,â˜…2,44%,39
145, Â¢arnAgâ‚¬,5,24,1,18,â˜…2,75%,55
146, FliCk MasTeR !! <3,100,10,3,21,Â ,50%,27
147, Mad Titan,117,7,2,20,â˜…,28%,23
148, Prodigal Dad,57,9,3,20,â˜…,44%,22
149, )-(unter_Baba,6,8,0,19,â˜…3,37%,22
150, GARURU,65,26,6,18,â˜…8,19%,65
151, DAGGER Dada,72,14,5,11,â˜…2,26%,48
152, let's have fun,44,18,8,17,â˜…3,38%,47
153, Sorcerer Supreme,39,13,2,16,â˜…,53%,35
154, Prodigal Dad,62,13,5,17,â˜…2,23%,33
155, MADARA UCH!HA,76,21,2,18,â˜…4,33%,51
156, Good Enough To Dieã°ã‹,62,19,2,15,â˜…2,36%,49
157, HeadAche,62,17,4,17,â˜…,17%,43
158, DeAdPooL,7,11,2,17,Â ,18%,25
159, (FaceBook!):NefrosT3K!_#FILMER!,0,-2,1,6,Â ,Â ,0
160, Prodigal Dad,43,17,2,19,â˜…,38%,37
161, T R A S H,54,16,2,17,â˜…2,25%,34
162, GÃ˜WxHades,16,10,6,19,Â ,60%,28
163, youthoobmoney,58,11,1,17,â˜…2,18%,25
164, Mad Titan,112,8,2,18,Â ,37%,18
165, Sumarni Hasballah,87,24,3,15,â˜…5,8%,53
166, Mystic_avereaS |skinhub.com,5,21,4,11,â˜…5,33%,52
167, Jennierubyjane,41,15,6,11,â˜…2,46%,45
168, random_,58,16,3,13,â˜…3,31%,44
169, Meteor,103,12,3,14,â˜…,38%,31
170, ImPickleRICK!!!,22,26,3,19,â˜…2,19%,57
171, METH.LASH,0,17,2,16,â˜…2,23%,42
172, Mad Titan,120,17,4,24,â˜…3,23%,40
173, Prodigal Dad,123,8,2,25,â˜…2,50%,18
174, THE KING â„¢,0,0,0,5,Â ,Â ,0
175, R@t Hunter,104,26,4,14,â˜…5,19%,72
176, Sumarni Hasballah,44,28,8,17,â˜…5,10%,67
177, SK,60,18,14,15,â˜…,27%,52
178, âœª Capt spunky,99,20,2,12,â˜…3,20%,42
179, âœª budha baba,104,15,3,16,â˜…2,26%,38
180, mangofuckyourmom,47,26,3,16,â˜…5,34%,75
181, im trash,137,24,2,21,â˜…5,12%,57
182, Snake,170,18,7,21,â˜…4,44%,43
183, HemSnow,41,15,4,19,â˜…,40%,35
184, ZACKPLAYER  ä½ åª½çš„,0,12,3,18,â˜…,30%,29
185, Akeel47 Ch.,12,33,7,19,â˜…3,29%,81
186, RoaringSpy,8,22,6,22,â˜…2,50%,55
187, Mad Titan,145,19,5,20,â˜…2,31%,46
188, Lucario0206,44,14,6,20,â˜…3,28%,43
189, Prodigal Dad,168,5,2,18,â˜…,Â ,18
190, kinrikas,70,25,6,18,â˜…,32%,61
191, KARZEE,97,15,6,20,â˜…2,46%,39
192, Ernesto Guevara,71,17,2,20,â˜…2,23%,37
193, Jack,6,14,4,21,â˜…,35%,37
194, ÑYÊŒ â™ª,55,11,3,19,â˜…3,Â ,35
195, Lucario0206,50,26,5,12,â˜…5,34%,80
196, Sodara Preman terukuat,53,23,1,16,â˜…5,30%,52
197, Prodigal Dad,97,22,2,19,â˜…5,13%,51
198, #TIREDofHATE,133,17,1,17,Â ,5%,38
199, Mad Titan,101,10,4,18,â˜…,20%,29
200, Lucario0206,34,20,1,18,â˜…,10%,47
201, Smark,112,18,3,21,â˜…3,22%,39
202, Magic,26,16,5,19,â˜…2,31%,37
203, Prodigal Dad,100,14,0,20,â˜…,14%,28
204, Mad Titan,117,10,6,22,â˜…2,10%,26
205, Naruto_,67,25,4,14,â˜…5,48%,64
206, __CheeTah,94,23,3,14,â˜…2,13%,52
207, Onz_RaVen_,76,18,5,17,â˜…3,27%,48
208, sk ^.^ =;,95,17,7,18,â˜…3,41%,41
209, RudrA__ğŸ•‰,89,17,5,15,â˜…3,17%,41
210, Gore CHUTTAD@pvpro.com,17,28,3,20,â˜…3,35%,62
211, D3v1LL,53,18,4,21,â˜…3,27%,46
212, Geralt csgoatse.com,32,17,3,20,â˜…3,23%,40
213, Chutmaar Chacha,32,17,2,21,â˜…,29%,37
214, Goo kha Lo,28,13,5,17,â˜…2,30%,37
215, Gabaji,29,30,4,19,â˜…9,33%,67
216, godthuglife,44,24,1,14,â˜…,25%,52
217, Prodigal Dad,91,21,2,18,â˜…3,28%,48
218, Mad Titan,67,15,2,20,â˜…2,13%,36
219, Sakht Launda,47,9,1,22,â˜…,33%,29
220, Headbuster,49,30,5,21,â˜…3,23%,67
221, G-shot,61,26,4,24,â˜…7,19%,67
222, insomniac,22,23,10,20,â˜…3,30%,61
223, Prodigal Dad,102,15,5,22,â˜…2,13%,45
224, Mad Titan,97,15,2,22,â˜…,26%,41
225, Cross,26,36,10,24,â˜…4,36%,87
226, the Punisher,31,30,3,21,â˜…3,40%,73
227, mafia97,69,22,9,23,â˜…2,36%,56
228, Lagger,37,11,2,19,â˜…4,36%,40
229, !! Ozbourne !!,75,10,2,22,â˜…,10%,28
230, TheBlaze,27,28,3,22,â˜…4,32%,59
231, CoolGuyWannabe,122,18,2,18,â˜…3,50%,45
232, oldman,48,11,4,19,â˜…,27%,28
233, Sanguine Demon,0,10,1,11,Â ,Â ,24
234, B1NARY,13,6,0,22,â˜…,Â ,16
235, CHIVAS,68,28,7,19,â˜…6,35%,66
236, Bunty\,44,24,4,13,â˜…3,41%,60
237, Mad Titan,104,18,4,13,â˜…4,44%,60
238, Prodigal Dad,94,19,4,14,â˜…2,21%,42
239, [Toxix].Neymar JR.,62,11,10,19,â˜…,45%,38
240, Trollin' on the GO.,76,23,3,12,â˜…4,52%,55
241, Freedom Gamer,51,21,6,13,â˜…5,28%,55
242, Mad Titan,92,19,4,11,â˜…3,42%,47
243, Drasti,27,20,3,15,â˜…2,10%,45
244, Prodigal Dad,88,7,8,16,â˜…2,28%,22
245, East,56,19,1,18,â˜…,26%,46
246, MADARA UCH!HA,41,14,3,19,â˜…,35%,31
247, dexcro,84,14,3,19,â˜…,21%,31
248, The Last Noob,32,10,7,20,â˜…,10%,29
249, SaBeRTooTH,65,8,2,16,â˜…,10%,22
250, Viv^_^Cham,56,24,4,15,â˜…5,29%,61
251, SnaKe,81,23,8,17,â˜…3,21%,57
252, Deewana Mastana,11,23,4,17,â˜…5,21%,56
253, Josiah,120,25,4,14,â˜…2,24%,55
254, Dr Phuck,102,15,4,23,â˜…,46%,40
255, aladeen,51,31,3,16,â˜…6,35%,80
256, Prodigal Dad,84,16,4,23,â˜…,43%,41
257, BappoNoCrappo,20,16,1,21,â˜…,50%,37
258, Baba Bhootnath,31,13,2,23,â˜…2,30%,33
259, Mad Titan,89,10,6,25,Â ,50%,27
260, Mad Titan,96,23,7,8,â˜…,34%,56
261, VekToR,55,16,6,7,â˜…5,18%,45
262, _CAPTION_Pratham,80,19,3,11,â˜…4,26%,43
263, Vaibhav,38,17,4,12,â˜…4,35%,40
264, Prodigal Dad,48,13,3,11,â˜…2,23%,30
265, Lombdi,32,22,1,16,â˜…2,27%,48
266, Hyper beast,147,12,2,18,Â ,25%,26
267, NARCO,80,5,3,18,Â ,40%,15
268, deadshot22,26,3,1,16,Â ,Â ,7
269, Epic NPC Man,0,1,0,4,Â ,Â ,2
270, Melodrama,103,30,4,21,â˜…4,36%,70
271, Prodigal Dad,59,24,8,24,â˜…4,41%,68
272, Mad Titan,90,19,6,23,â˜…2,42%,55
273, miggymouse,57,19,8,24,â˜…3,21%,51
274, Baap,196,16,4,22,â˜…,25%,42
275, ChickenDinner,44,31,9,20,â˜…7,35%,75
276, SWAPDON,35,28,4,19,â˜…3,21%,67
277, Skye-,62,22,5,20,â˜…3,36%,55
278, GOD Parpurdum Vansantham N.Suria,38,17,6,24,â˜…3,5%,46
279, Vegeta à¤®à¤¾à¤®à¤¾,29,16,8,25,Â ,31%,40
280, bhaswata08 hellcase.com,127,11,2,18,Â ,38%,26
281, Mad Titan,109,9,4,18,â˜…,44%,24
282, wolfbarron,146,9,4,17,Â ,33%,23
283, Prodigal Dad,101,8,3,18,â˜…,25%,21
284, BaksoTusuk,102,6,0,18,â˜…,16%,13
285, KA-BooM,77,43,4,6,â˜…9,34%,100
286, frusci,60,17,3,9,Â ,11%,44
287, chlorine,59,11,5,11,â˜…3,27%,37
288, BOT JAS,97,8,8,12,â˜…2,25%,25
289, unknown,43,7,0,8,â˜…2,14%,21
290, Prodigal Dad,93,25,9,22,â˜…3,20%,59
291, BHK,99,23,3,13,â˜…2,34%,54
292, wolfbarron,91,19,0,18,â˜…3,26%,45
293, rokuuu,117,18,1,17,â˜…5,15%,39
294, Mad Titan,85,15,4,20,â˜…3,40%,36
295, Asuna,5,26,3,21,â˜…6,15%,56
296, hsgaurav,32,21,6,22,â˜…2,23%,50
297, Victimized,67,15,2,19,â˜…2,33%,36
298, Kickass,194,15,0,20,Â ,33%,32
299, Deadman,189,12,1,19,Â ,25%,31
300, 4brothers_2009,52,17,4,20,â˜…3,35%,53
301, Hunny,50,18,2,22,â˜…,38%,39
302, ğ”£ğ”¦ğ”¶,31,14,3,18,â˜…3,28%,36
303, Ad Victoriam,71,15,1,23,â˜…2,33%,32
304, Bottom Fragger,31,9,2,21,Â ,18%,21
305, Mad Titan,98,26,3,16,â˜…5,33%,57
306, FAL$E,48,22,4,16,â˜…2,31%,57
307, As,77,15,7,15,â˜…4,40%,53
308, Prodigal Dad,105,19,5,15,â˜…3,31%,52
309, lethe,101,19,2,14,â˜…2,31%,49
310, IceTea,69,27,2,11,â˜…5,25%,56
311, !!! DHRUV BARAK!!!,32,19,5,14,â˜…3,35%,48
312, MindFreak YT,36,17,3,12,â˜…3,5%,37
313, Agent47-,23,15,4,11,â˜…4,33%,34
314, Rammy262,57,9,2,15,â˜…,44%,26
315, Prodigal Dad,113,18,3,18,â˜…2,44%,41
316, Stolen key,68,16,7,17,Â ,31%,40
317, â’½â“â“…â’ºâ“‡_â’·â“Šâ“ƒâ“ƒâ“,78,9,4,18,â˜…,22%,27
318, Toga,76,10,2,17,Â ,20%,24
319, Mad Titan,114,9,1,18,â˜…,55%,19
320, Mightyarmy,62,30,3,17,â˜…,16%,69
321, WARDADDY| hellcase.com,117,22,5,21,â˜…3,18%,57
322, RaZoR,35,15,2,18,â˜…5,33%,43
323, Ğ¼Î¹âˆ‚Î·Î¹Ñ‚Ñ”,5,18,5,21,â˜…2,27%,42
324, Fox_Fist_R.E.D {Zerox Uzumaki},77,13,5,22,â˜…,15%,33
325, Prodigal Dad,113,27,7,22,â˜…4,33%,66
326, Rhino,109,28,0,17,â˜…4,21%,63
327, â˜…VLADOFâ˜…,116,15,2,17,â˜…2,46%,40
328, Mad Titan,104,16,4,24,â˜…2,11%,39
329, Solid Snake,292,12,5,19,â˜…4,16%,39
330, Pa!NNNNNNNNNNNNNNNNNNNNNNN,5,40,0,17,â˜…7,27%,88
331, Gore CHUTTAD@pvpro.com,28,29,9,24,â˜…3,17%,86
332, Chutmaar Chacha,33,19,5,23,â˜…2,10%,51
333, Mad Titan,90,15,6,25,â˜…3,Â ,43
334, Prodigal Dad,90,11,3,25,Â ,Â ,29
335, wolFy,49,30,4,12,â˜…6,30%,80
336, Lenin,0,28,4,25,â˜…4,46%,65
337, iamrvk,13,22,5,23,â˜…,18%,57
338, Prophet.iwnl,59,20,5,24,â˜…3,15%,54
339, Lamb Sauce,684,14,4,26,â˜…,35%,39
340, Prodigal Dad,87,19,1,18,â˜…,42%,39
341, thicc boi,45,12,2,19,Â ,25%,26
342, Mad Titan,91,11,1,18,Â ,45%,23
343, sTrAnGeR,104,10,0,18,â˜…2,20%,20
344, DrOnZeR,27,9,0,18,â˜…2,33%,18
345, ssundayy,88,30,0,7,â˜…7,33%,68
346, ! Fak3R !,46,17,4,12,â˜…2,35%,46
347, DANG3R,42,17,5,13,â˜…3,35%,45
348, calaudius,113,17,4,15,â˜…3,41%,40
349, ShadowFlame,5,10,2,14,â˜…,50%,24
350, Ä±llÄ±BasÄ±llÄ±,114,12,4,15,Â ,23%,31
351, Baagadbillla,5,12,4,16,â˜…,8%,29
352, calaudius,98,11,1,17,â˜…,9%,27
353, ahmad rajpoot,116,10,3,17,Â ,40%,23
354, tufail_akbar28,83,3,1,17,Â ,66%,7
355, Zico,31,33,5,9,â˜…7,30%,71
356, The Maniac,45,18,7,12,â˜…6,27%,56
357, Prodigal Dad,81,12,2,11,â˜…,8%,29
358, Pritam,48,10,2,9,â˜…,40%,24
359, Mad Titan,90,8,1,8,â˜…,25%,23
360, SuperNova,70,25,1,17,â˜…,56%,53
361, â˜…VLADOFâ˜…,69,13,3,18,â˜…,23%,29
362, Prodigal Dad,80,13,1,21,â˜…2,23%,29
363, Mad Titan,135,7,5,20,â˜…,57%,23
364, Rhino,63,5,4,19,â˜…,20%,18
365, FliCk MasTeR !! <3,65,30,3,11,â˜…6,26%,74
366, Liiime,7,16,6,15,â˜…4,31%,48
367, Yato,45,20,2,13,â˜…5,45%,47
368, machinix,75,17,2,12,â˜…,17%,47
369, isâ€ oyBOLOYâ€ s . .,5,12,4,12,Â ,16%,35
370, Thanos Did Nothing Wrong,56,30,1,16,â˜…6,16%,72
371, CHICKEN,126,19,7,21,â˜…3,52%,51
372, L O K I,16,21,3,19,â˜…3,23%,45
373, _BLAZE,85,18,7,16,â˜…4,38%,44
374, CATASTROS,5,13,5,21,Â ,7%,37
375, = S lL lE lE lP Y =,26,27,5,20,â˜…3,55%,64
376, Daddy,34,22,6,21,â˜…3,36%,57
377, K@r1N,79,20,2,18,â˜…3,30%,47
378, Mad Titan,104,14,4,19,â˜…,35%,41
379, Prodigal Dad,105,10,6,23,Â ,50%,26
380, K@r1N,100,25,4,22,â˜…5,36%,58
381, Mad Titan,260,21,2,18,â˜…2,27%,52
382, Prodigal Dad,134,23,1,18,â˜…3,17%,49
383, Ace,46,12,6,23,â˜…2,8%,34
384, Pablo Escobar,64,9,4,20,â˜…,22%,26
385, shinchan,80,30,6,18,â˜…5,40%,74
386, go commit stop living,14,25,7,19,â˜…5,44%,62
387, Sirius Black PVPRO.COM,19,17,0,13,â˜…3,29%,45
388, Û | âœª ArseniC* âœª | Û,91,16,2,19,â˜…,35%,38
389, mera murshad,87,12,1,19,â˜…2,33%,29
390, Dr. Banner,62,22,5,18,â˜…7,18%,75
391, Sorcerer Supreme,58,32,5,19,â˜…,25%,73
392, Astralis â€¢ SPARTAN,67,25,2,16,â˜…2,48%,58
393, Prodigal Dad,68,16,5,24,â˜…3,31%,45
394, DAGGER Dada,101,15,0,15,â˜…3,Â ,41
395, Kuyt Casanova,77,20,3,22,â˜…,40%,58
396, kodzY,46,19,4,17,â˜…6,36%,53
397, å‡‰ç”Ÿåˆè§,145,19,2,22,â˜…3,26%,47
398, Mal-Bro,55,18,7,25,â˜…2,44%,46
399, naman,42,16,4,24,â˜…2,43%,42
400, Astralis â€¢ SPARTAN,42,34,0,16,â˜…6,23%,78
401, Dr. Banner,39,19,5,16,â˜…3,26%,63
402, Prodigal Dad,61,17,8,22,â˜…2,41%,48
403, DAGGER Dada,80,17,4,21,â˜…4,35%,44
404, Sorcerer Supreme,61,12,5,19,â˜…,33%,30
405, Ovi,113,19,6,18,â˜…4,10%,55
406, LLEo,65,20,8,23,â˜…2,38%,50
407, CHANDRADEEP,87,22,1,19,Â ,45%,48
408, ugly spider,58,17,4,19,â˜…2,35%,45
409, âœªShroud,25,15,6,21,â˜…,33%,41
410, ^v@ni$h^,21,19,7,19,â˜…2,36%,46
411, Bulbasaur,69,18,2,20,â˜…2,33%,40
412, Prodigal Dad,72,17,5,20,â˜…,11%,39
413, {â„ƒ@b|e },24,11,3,20,â˜…,36%,26
414, VAC'D Shooter,25,7,2,21,â˜…,14%,18
415, P-ray,40,37,3,14,â˜…8,45%,86
416, SPraY_quAZa,101,21,4,18,â˜…2,42%,52
417, Praneet AKA The Gamer | Bolt.gg,111,18,4,16,â˜…3,61%,47
418, meow,0,9,2,6,â˜…2,11%,21
419, A_atank,0,4,0,5,â˜…,50%,10
420, wolverine,65,41,12,21,â˜…8,41%,97
421, STEWIE2K,76,21,3,18,â˜…5,9%,63
422, JONEY,36,18,4,25,Â ,11%,41
423, WINCHESTER,28,16,3,17,Â ,6%,38
424, VENOM,32,14,6,22,â˜…2,35%,37
425, Ace,28,24,5,19,â˜…2,20%,68
426, Prodigal Dad,50,28,1,25,â˜…4,28%,67
427, Bulbasaur,58,21,8,22,â˜…5,28%,54
428, D4RKSiDE,67,20,5,26,â˜…4,15%,46
429, ReDucere-X,0,1,1,0,Â ,100%,3
430, Venommâ„¢,111,40,1,13,â˜…8,50%,86
431, Stator,75,17,7,19,â˜…4,52%,41
432, Lel,69,15,6,17,â˜…2,26%,36
433, âœªsL1Ck,119,13,1,18,â˜…,64%,27
434, â™¡aloneâ™¡feliX cs.money,52,10,5,10,â˜…,30%,27
435, Legend Forsaken,32,21,4,21,â˜…,42%,48
436, Jesus christ,62,16,5,20,â˜…4,25%,47
437, Prodigal Dad,57,16,4,22,â˜…,31%,43
438, Washing Powder Boi,55,15,2,18,â˜…,53%,35
439, Ace,40,9,1,19,â˜…,22%,27
440, fox,38,47,2,12,â˜…6,23%,105
441, Peacekillerpk,28,31,8,19,â˜…3,21%,72
442, Rust-teeâ„¢,62,16,5,20,â˜…3,31%,39
443, KwazyCupcakes,30,14,5,16,â˜…3,35%,37
444, Venkatvj,76,8,2,17,â˜…,25%,26
445, Mad Titan,86,17,4,24,â˜…3,23%,48
446, Prodigal Dad,76,20,6,24,â˜…,35%,47
447, drAKon,32,18,3,23,â˜…2,33%,43
448, notCarr0t,110,15,3,24,Â ,40%,36
449, Ace,22,13,1,22,â˜…5,15%,30
450, Prodigal Dad,65,21,1,20,â˜…3,38%,51
451, Mad Titan,108,16,2,22,â˜…3,25%,37
452, Peace,54,13,5,21,â˜…2,30%,31
453, Ace,51,11,5,20,Â ,54%,29
454, M3G4M1ND,134,7,1,18,Â ,37%,15
455, Burma Legend,91,28,3,13,â˜…6,25%,63
456, Colossus,89,26,7,10,â˜…4,26%,62
457, Phuck_off,78,17,6,17,â˜…,47%,48
458, Johnnysins,73,15,7,15,â˜…,20%,43
459, Trinity,103,15,5,13,â˜…4,26%,37
460, BATMAN,105,24,5,19,â˜…2,32%,57
461, åŸºè‚–å°”,41,18,2,19,â˜…3,44%,41
462, salad,47,11,2,20,â˜…,9%,28
463, dhanu,27,11,2,19,â˜…,9%,25
464, artificial,49,9,6,22,Â ,22%,24
465, Prodigal Dad,78,28,2,12,â˜…4,28%,72
466, Ace,49,18,3,15,â˜…3,27%,60
467, Peace,54,24,7,19,â˜…4,33%,55
468, Mad Titan,105,16,3,16,â˜…2,31%,36
469, M3G4M1ND,120,12,5,12,â˜…3,25%,33
470, JIN-TAN,58,30,5,18,â˜…5,20%,70
471, Ace,51,16,5,17,â˜…5,18%,52
472, Prodigal Dad,75,22,2,16,â˜…4,45%,51
473, Mad Titan,105,18,5,15,â˜…,11%,43
474, ALFROZEN666,60,15,2,16,â˜…,26%,36
475, Rick_Sanchez,70,22,3,17,â˜…3,22%,57
476, Doc.Roe,76,21,7,21,â˜…2,23%,51
477, Prism,100,19,4,20,â˜…,31%,45
478, salad,48,9,7,23,Â ,11%,27
479, antuâ€¢kakâ€¢limah,97,11,3,20,â˜…2,18%,26
480, Prodigal Dad,70,23,4,8,â˜…5,17%,54
481, DAGGER Dada,51,19,3,8,â˜…2,31%,43
482, Sorcerer Supreme,63,16,0,7,â˜…3,12%,38
483, Astralis â€¢ SPARTAN,71,15,3,12,â˜…3,33%,33
484, WORD.EXE,69,10,6,12,â˜…3,45%,27
485, Loneâ˜…Senpai,122,12,3,16,Â ,33%,27
486, ALONEWALKER  cs.money,93,12,2,15,â˜…,41%,26
487, KB,66,8,5,19,Â ,37%,23
488, Mister RekteR,74,9,0,16,â˜…2,33%,20
489, ENGINEER #csgoatse.com,92,5,1,18,Â ,20%,11
490, Rapin' Reaper,76,28,2,18,â˜…6,28%,63
491, BaKcHoD.gg,36,22,4,21,â˜…2,40%,53
492, (C)opyrights,50,24,1,22,â˜…2,20%,52
493, EnG3N,64,21,5,26,â˜…2,28%,50
494, T E S L A,48,5,4,24,Â ,40%,18
495, Astralis â€¢ SPARTAN,68,26,6,15,â˜…4,23%,68
496, WORD.EXE,35,28,2,20,â˜…4,35%,61
497, Sorcerer Supreme,35,24,7,21,â˜…3,37%,59
498, Prodigal Dad,44,16,4,23,â˜…5,18%,47
499, DAGGER Dada,72,17,4,21,Â ,52%,44
500, ugly spider,36,29,8,22,â˜…7,31%,77
501, AgentCT,40,22,4,19,â˜…5,9%,59
502, I hate Silver,41,19,5,22,â˜…3,31%,51
503, !NTEGRATION,89,22,0,22,â˜…,36%,49
504, TANGENT,97,13,4,23,Â ,46%,33
505, WORD.EXE,51,30,5,16,â˜…3,30%,78
506, Astralis â€¢ SPARTAN,66,29,5,19,â˜…7,40%,70
507, DAGGER Dada,48,18,4,23,â˜…,16%,44
508, Sorcerer Supreme,118,15,6,26,â˜…3,46%,44
509, Prodigal Dad,61,14,1,23,Â ,13%,32
510, âŒ˜ Coldplay âŒ˜,135,25,3,21,â˜…4,23%,57
511, Ezio Auditore,0,25,4,22,â˜…2,23%,54
512, ECHO,54,15,4,19,â˜…2,25%,36
513, CHARLIE,45,14,2,21,â˜…3,13%,30
514, TheNormalOnee,0,12,3,17,â˜…,25%,28
515, monkaS,51,22,11,20,â˜…5,36%,57
516, Niko,91,24,6,20,â˜…3,62%,54
517, Prodigal Dad,82,20,6,19,â˜…2,14%,48
518, Mad Titan,101,19,2,17,â˜…3,36%,46
519, Agent13,83,16,4,21,â˜…3,50%,40
520, Neelax Ren CS.MONEY,60,29,2,19,â˜…5,24%,70
521, Siti K,63,31,4,23,â˜…3,41%,68
522, Mrlycan,102,25,0,19,â˜…3,24%,58
523, Ghost_v1.o,100,17,7,15,â˜…4,11%,57
524, zozo(khati axomiya),88,10,2,22,Â ,10%,25
525, ãŠå‰ã¯ã‚‚ã†æ­»ã‚“ã§ã„ã‚‹,18,26,1,23,â˜…3,22%,60
526, Mad Titan,82,20,1,18,â˜…4,20%,60
527, Ace,23,22,4,23,â˜…5,40%,58
528, Prodigal Dad,75,19,3,22,â˜…2,36%,50
529, r2c_gaming,87,10,5,27,â˜…,30%,25
530, Gore CHUTTAD@pvpro.com,41,29,7,21,â˜…5,20%,67
531, Chutmaar Chacha,47,27,3,23,â˜…4,22%,63
532, Goo kha Lo,47,23,4,16,â˜…2,8%,56
533, Snooz3,57,19,5,22,â˜…,31%,45
534, SaW14,131,13,3,24,â˜…,46%,33
535, Young_wolf,95,28,1,23,â˜…2,57%,60
536, Mad Titan,111,21,3,22,â˜…2,52%,55
537, Ace,39,19,6,24,â˜…6,36%,55
538, Prodigal Dad,89,21,3,23,â˜…4,19%,53
539, ãŠå‰ã¯ã‚‚ã†æ­»ã‚“ã§ã„ã‚‹,37,17,2,19,â˜…2,17%,45
540, KOTAROz,84,20,0,16,â˜…3,30%,41
541, BlAdE ASSASSIN,0,14,5,18,Â ,35%,33
542, EAGLE,74,10,6,17,Â ,70%,26
543, Boogeyman,102,8,1,18,Â ,12%,19
544, MousE_HackeR | NoT HackeR,6,1,1,17,Â ,Â ,3
545, _CAPTION_Pratham,76,27,3,8,â˜…4,37%,62
546, Mad Titan,93,19,2,10,â˜…2,31%,49
547, Prodigal Dad,54,18,1,12,â˜…5,38%,39
548, Ace,32,11,5,13,â˜…3,54%,36
549, The Vampguy,65,11,2,10,â˜…2,27%,31
550, 3.14,47,24,5,23,â˜…6,20%,55
551, kodzY,44,20,2,19,â˜…,35%,45
552, DeathQuake,31,17,3,20,â˜…,41%,41
553, iPATCH,13,14,5,23,Â ,42%,35
554, Jimmy,42,12,0,20,â˜…2,8%,24
555, Prodigal Dad,63,27,3,18,â˜…3,11%,65
556, glade,103,24,0,14,â˜…3,33%,52
557, DR.Bruyne,49,21,4,17,â˜…4,14%,52
558, Mad Titan,103,18,7,17,â˜…4,38%,47
559, Ace,39,14,6,19,â˜…2,35%,41
560, Ace,23,21,3,18,â˜…2,28%,50
561, DoMiNiC,68,19,3,17,â˜…2,45%,42
562, Zatch Bell !!,65,15,4,20,â˜…,46%,34
563, Mad Titan,87,10,4,19,Â ,20%,27
564, Prodigal Dad,70,9,4,21,â˜…2,22%,25
565, j2o6s3h,61,24,2,14,â˜…3,33%,61
566, HITMAN,25,26,3,14,â˜…5,53%,59
567, Kill3rlnstinct,47,15,1,10,â˜…4,20%,45
568, JuZaBuRdEn,30,15,7,18,â˜…,26%,39
569, Sasta Virat Kohli,0,13,6,12,â˜…3,92%,36
570, MIRACLE04,49,44,4,15,â˜…6,38%,106
571, MAXIMUS,33,28,8,24,â˜…6,10%,71
572, ViNeSh0298,43,16,10,25,â˜…3,50%,44
573, joshua5478,29,11,8,27,Â ,Â ,32
574, JIHAADI SHAKTIMAAN,0,1,0,1,Â ,Â ,2
575, Prodigal Dad,73,36,5,21,â˜…6,22%,87
576, Mad Titan,104,18,6,23,â˜…3,11%,52
577, DoraemonNotDead,110,17,7,22,â˜…2,11%,52
578, Suhaili bin Minato,109,17,6,20,â˜…2,5%,49
579, hoooya,0,17,1,13,â˜…2,41%,36
580, Mcu-,62,25,3,23,â˜…2,28%,62
581, Jendral Naga Bonar,58,26,5,24,â˜…5,34%,60
582, AcroMatiC,85,23,5,20,â˜…3,30%,59
583, i hv wooden pc,35,16,5,23,â˜…2,37%,45
584, Whackter,0,3,0,0,â˜…,66%,6
585, i love pussy,62,27,5,20,â˜…5,25%,71
586, Prayuth Chan O-cha,76,25,7,22,â˜…4,32%,70
587, Mad Titan,99,23,9,22,â˜…5,26%,57
588, Prodigal Dad,84,23,3,22,â˜…,43%,50
589, Da Dabbing T,57,13,4,22,â˜…,7%,33
590, Sorcerer Supreme,53,23,5,20,â˜…5,47%,57
591, Mad Titan,124,20,2,26,Â ,45%,42
592, Astralis â€¢ SPARTAN,63,16,2,22,â˜…3,50%,38
593, DAGGER Dada,62,14,7,18,â˜…2,42%,35
594, Prodigal Dad,73,14,2,22,â˜…2,28%,34
595, â™¥â™¥KaiTong#à¹„à¸à¹ˆà¹‚à¸•à¹‹à¸‡â™¥â™¥,64,31,1,18,â˜…6,51%,74
596, Mr.à¸šà¸±à¸à¸«à¸³à¸™à¹‰à¸­à¸¢,59,25,1,17,â˜…4,19%,64
597, maaf kare ya saaf kare,114,17,5,21,â˜…4,58%,44
598, Roy_end,0,18,3,15,â˜…,16%,43
599, Fre@k,96,16,3,16,â˜…,37%,37
600, Sorcerer Supreme,70,14,3,20,â˜…3,33%,31
601, Mad Titan,136,12,3,17,Â ,41%,31
602, DAGGER Dada,35,11,2,19,â˜…2,Â ,27
603, Prodigal Dad,86,10,3,21,â˜…,40%,23
604, Astralis â€¢ SPARTAN,49,8,4,20,Â ,50%,20
605, mâ˜¢yâ˜¢sâ˜¢qâ˜¢lâ˜¢;,27,32,3,12,â˜…4,25%,71
606, GrignÃ¤á¹d's á¹˜Ã©Ã gÃ©nt,89,21,6,13,â˜…4,47%,56
607, Mr. Crime,82,14,1,9,â˜…5,20%,44
608, Sâ—prayer |gamdom.com,146,17,5,11,â˜…3,66%,43
609, DEADPOOL_OG_PREDATOR,84,9,0,14,Â ,44%,24
610, Raja Beta,57,30,7,19,â˜…5,16%,72
611, â–„ï¸»Ì·Ì¿â”»Ì¿â•â”ä¸€â˜®,47,29,3,20,â˜…6,44%,68
612, Prodigal Dad,110,23,1,23,â˜…3,30%,56
613, Veni Vidi Vici !!,51,21,4,22,Â ,23%,48
614, Mad Titan,133,9,6,23,Â ,44%,29
615, kiki,70,34,3,22,â˜…6,20%,80
616, XvieX,85,19,6,23,â˜…4,15%,58
617, Osama Bin Allahuakkbarrrrr,43,21,6,23,â˜…3,13%,49
618, Al Damen King,37,17,6,21,â˜…2,5%,41
619, â“ï¸â’¶ï¸â“‚ï¸â“…,51,13,4,26,â˜…,21%,37
620, COLDCOFFIE,31,25,1,13,â˜…4,12%,63
621, Dr.......Reble45,74,21,2,17,â˜…,28%,51
622, VIRAT KOHLI,44,15,7,19,â˜…2,26%,37
623, Social Gamer,31,12,4,20,Â ,16%,32
624, BABA MADKESHWAR,37,4,5,22,Â ,25%,13
625, Raja Beta,39,25,5,15,â˜…4,34%,63
626, Prodigal Dad,45,21,4,17,â˜…4,23%,57
627, â–„ï¸»Ì·Ì¿â”»Ì¿â•â”ä¸€â˜®,35,19,6,13,â˜…4,15%,53
628, Mad Titan,112,16,4,18,â˜…2,12%,44
629, kushthota,29,9,4,15,â˜…2,55%,27
630, Mad Titan,107,26,5,14,â˜…3,46%,64
631, Flute,45,23,6,17,â˜…5,17%,62
632, Blond.,36,26,3,16,â˜…4,34%,57
633, Prodigal Dad,75,19,3,11,â˜…2,31%,49
634, Ace,20,11,8,22,â˜…2,54%,36
635, LazarM,21,24,4,18,â˜…,33%,58
636, messing_messi,31,14,4,20,â˜…2,14%,48
637, Victimized,32,17,1,20,â˜…3,23%,38
638, Loneranger044,34,15,2,24,â˜…2,33%,36
639, Salty_Chips,33,10,3,23,â˜…,30%,25
640, Mad Titan,94,30,5,19,â˜…4,40%,69
641, Prodigal Dad,51,18,1,23,â˜…,38%,51
642, Ace,25,20,1,22,â˜…2,45%,48
643, LazarM,21,21,3,16,â˜…5,38%,47
644, Ç°â˜‰Æ˜Æ¸Æ¦,52,13,4,23,Â ,61%,31
645, GODFATHER,77,29,5,22,â˜…4,48%,67
646, Rishabh Gusain,76,22,1,18,â˜…8,31%,59
647, ORANGE,33,18,8,20,â˜…2,38%,49
648, Oliver_aka_arrow,67,17,5,20,â˜…,11%,47
649, Skrich,35,17,8,22,â˜…,23%,46
650, Jack,23,18,3,7,â˜…4,38%,43
651, SÆ®anÆŠin.Anonymous,126,17,0,5,â˜…3,23%,40
652, aboayed,82,17,5,9,â˜…2,41%,39
653, <><><Burn><><>,66,17,4,8,â˜…5,Â ,38
654, Nifty,71,13,5,8,â˜…2,30%,31
655, Lil NunuğŸ”¥ğŸ’¯,82,14,1,16,Â ,35%,29
656, Mad Titan,102,7,4,17,â˜…,14%,19
657, Damon_Vamp,70,7,1,17,Â ,Â ,15
658, Ace,21,5,3,15,Â ,40%,15
659, Prodigal Dad,105,4,2,16,Â ,25%,12
660, RK,23,27,8,20,â˜…5,55%,73
661, Pro-Noob's Deagle,98,20,1,24,â˜…,28%,51
662, shooter,30,17,4,24,â˜…,11%,44
663, BitteEinBit,99,15,5,24,â˜…2,26%,41
664," ""|""|""C",139,11,5,24,â˜…2,45%,30
665, Mad Titan,119,28,5,18,â˜…5,46%,72
666, _CAPTION_Pratham,105,29,4,16,â˜…4,44%,69
667, Xiang,59,25,2,18,â˜…2,40%,60
668, Prodigal Dad,81,20,4,20,â˜…3,25%,49
669, GHOST,92,13,4,19,â˜…2,30%,37
670, Kilo Actual,45,24,5,19,â˜…4,41%,59
671, Mad Titan,107,24,3,19,â˜…3,33%,52
672, Prodigal Dad,69,18,3,20,â˜…3,44%,47
673, armada32,12,15,2,19,â˜…,13%,33
674, d3pl0y_32,36,10,2,16,Â ,30%,26
675, PEW PEW PEW,9,28,5,20,â˜…6,57%,74
676, Sirius Black PVPRO.COM,46,23,1,17,â˜…3,34%,51
677, macchar,81,16,4,17,â˜…3,31%,44
678, RED.VINE,64,15,0,19,â˜…3,20%,32
679, Khan*,174,11,4,17,â˜…,9%,31
680, FAL$E,69,16,1,16,â˜…2,43%,38
681, Tokyo,24,9,2,17,Â ,44%,21
682, AL1EN,75,9,1,17,Â ,33%,21
683, Christane pvpro.com,22,8,2,18,Â ,37%,18
684, hunterX,0,5,0,10,Â ,20%,10
685, Ace,31,20,5,11,â˜…4,50%,68
686, Prodigal Dad,64,21,5,9,â˜…5,14%,51
687, Dominic,31,20,2,8,â˜…2,14%,47
688, Mad Titan,98,11,4,12,â˜…4,27%,37
689, brockLesnar,24,11,1,9,â˜…,9%,30
690, Mad Titan,124,27,5,18,â˜…5,33%,64
691, Prodigal Dad,80,26,6,20,â˜…4,19%,60
692, saffroniusmitron,12,24,4,16,â˜…5,37%,60
693, Ace,38,18,3,18,Â ,27%,49
694, jejeje,86,13,4,20,â˜…2,23%,34
695, nIcOlA,96,26,8,24,â˜…4,23%,63
696, Oliver_aka_arrow,92,22,6,22,â˜…,31%,58
697, not_a_bot,88,14,3,22,â˜…2,50%,45
698, you,0,15,3,21,â˜…3,25%,37
699, WyndiLo,83,14,4,20,â˜…,21%,35
700, Pandi _ tamilanda,20,31,7,16,â˜…7,15%,79
701, wOLveRInE!!!!,69,28,2,13,â˜…2,21%,70
702, xPhantomSA,84,22,4,19,â˜…4,27%,50
703, Matrix;*,41,20,1,19,â˜…3,40%,49
704, Solo[1],100,11,1,13,Â ,18%,23
705, Mad Titan,111,24,3,25,â˜…5,32%,58
706, RECON,74,20,3,21,Â ,30%,54
707, Prodigal Dad,75,15,2,22,â˜…3,26%,37
708, DEMON,72,15,0,23,â˜…,26%,34
709, KILLING MACHINE,31,8,3,23,â˜…2,37%,25
710, KILLING MACHINE,43,24,3,17,â˜…2,8%,53
711, RECON,72,16,3,13,â˜…3,41%,52
712, Mad Titan,102,19,5,16,â˜…4,36%,43
713, DEMON,76,20,2,16,â˜…4,30%,42
714, Prodigal Dad,44,16,3,14,â˜…3,25%,37
715, Orange,34,23,5,13,â˜…4,39%,58
716, Hungryreaper1,15,19,7,21,â˜…,47%,45
717, starlord,40,14,4,21,â˜…2,21%,41
718, <blank>,31,11,3,17,â˜…,18%,28
719, Khatarnak Khiladi,5,10,1,19,Â ,40%,22
720, Unicorn,52,34,4,8,â˜…6,23%,75
721, `Ewwwwwwwwwwwwã‚·,27,19,5,13,â˜…5,15%,51
722, Sirius Black PVPRO.COM,76,18,2,13,â˜…3,33%,40
723, FUCKING BEAGLE,20,15,9,15,â˜…,40%,39
724, Akealert,0,5,0,9,â˜…,40%,10
725, Vectai,35,18,0,20,â˜…3,16%,42
726, Kraudlerker,77,17,4,21,â˜…,41%,39
727, Mad Titan,0,9,2,19,Â ,22%,23
728, # FARMER,167,8,2,21,â˜…2,12%,21
729, Prodigal Dad,0,2,0,7,Â ,50%,7
730, Dytto,58,29,6,21,â˜…5,37%,76
731, Bandar _Togelâ„¢,9,21,7,20,â˜…4,14%,59
732, Rolis,41,19,8,22,â˜…3,15%,54
733, sup.,61,20,4,24,â˜…3,55%,46
734, VeNoM,51,14,1,18,â˜…,7%,42
735, Dreadnoughtxx,48,23,5,18,â˜…3,47%,64
736, Prodigal Dad,94,23,2,22,â˜…3,25%,60
737, diiing,114,24,3,19,â˜…3,25%,55
738, Mad Titan,98,19,5,17,â˜…3,31%,47
739, Who The Fcuk -Miracle-,0,15,4,24,â˜…,40%,39
740, OLEGUN,23,26,1,22,â˜…6,19%,59
741, William12,63,21,2,19,â˜…,14%,50
742, æ˜“å°˜ä¸æŸ“,61,12,3,22,â˜…3,33%,35
743, Mad Titan,126,15,3,23,â˜…,46%,34
744, Prodigal Dad,101,13,4,25,Â ,7%,32
745, OH HOLY SH#T,31,32,6,15,â˜…7,18%,74
746, [S]amma[O],32,27,3,17,â˜…2,33%,59
747, ad1,102,24,2,20,â˜…3,20%,56
748, Narcos,333,16,4,18,â˜…3,37%,38
749, Decim-,340,12,2,17,â˜…,41%,29
750, Smichalski882,80,26,3,11,â˜…3,7%,60
751, Mr.Potato,82,22,4,14,â˜…4,22%,50
752, Mad Titan,148,17,6,10,â˜…2,29%,48
753, Prodigal Dad,57,17,2,10,â˜…6,35%,41
754, Shazil^Miracle-MunKush,0,6,2,6,â˜…,16%,15
755, The Annihilator,74,16,4,18,â˜…2,12%,40
756, iAtomicSkull,53,11,4,18,â˜…,18%,30
757, M3G4M1ND,115,10,7,19,â˜…,70%,29
758, INFINITI TEA,79,13,1,18,â˜…,38%,27
759, Extortioner,46,5,3,19,Â ,Â ,17
760, DeXT3R,103,23,3,18,â˜…4,34%,54
761, KhidS,43,18,6,17,â˜…2,33%,48
762, Neo Killer,78,19,1,16,â˜…3,52%,43
763, xs,86,17,3,19,â˜…5,44%,39
764, out_of_form(genius)_hardtime,91,18,2,13,â˜…2,55%,38
765, Veni Vidi Vici !!,47,25,2,18,â˜…3,44%,59
766, Prodigal Dad,67,18,4,20,â˜…4,15%,44
767, â–„ï¸»Ì·Ì¿â”»Ì¿â•â”ä¸€â˜®,50,16,1,20,â˜…,31%,35
768, Mad Titan,77,12,5,19,â˜…,41%,34
769, Black Fox!!!,78,10,3,20,â˜…,10%,23
770, xs,67,31,3,21,â˜…4,35%,72
771, out_of_form(genius)_hardtime,76,29,2,17,â˜…5,41%,67
772, DeXT3R,104,19,3,23,â˜…3,42%,51
773, Neo Killer,77,17,7,22,â˜…2,41%,50
774, FireFist,35,17,4,22,â˜…2,23%,40
775, Veni Vidi Vici !!,32,33,6,17,â˜…6,30%,81
776, Mad Titan,58,22,4,23,â˜…3,22%,52
777, Prodigal Dad,87,17,3,25,â˜…3,41%,48
778, â–„ï¸»Ì·Ì¿â”»Ì¿â•â”ä¸€â˜®,42,17,8,25,â˜…2,22%,47
779, Ace,25,15,4,24,Â ,40%,40
780, Fnatic,101,30,3,18,â˜…7,22%,78
781, sneakypeaky,108,23,6,19,â˜…7,30%,60
782, heksatek,48,16,3,22,Â ,37%,41
783, pos 1,132,13,3,22,Â ,30%,30
784, used to be good lover,0,9,2,11,â˜…,33%,20
785, CharlieZue,95,31,4,18,â˜…4,38%,70
786, Prodigal Dad,83,27,4,20,â˜…4,18%,64
787, Mad Titan,94,20,5,22,â˜…2,19%,48
788, Ace,45,16,3,23,â˜…2,31%,41
789, REDDIT17,0,9,4,15,â˜…,44%,32
790, Mad Titan,0,11,0,12,â˜…,45%,22
791, Prodigal Dad,0,9,0,10,Â ,33%,18
792, YG.Å´Ç¿Ä¹vÃ‰Å•Ä¬ÅˆÄ’,80,8,1,16,â˜…,12%,17
793, Ace,0,6,1,15,Â ,50%,13
794, YG.Jotaro,0,0,0,6,Â ,Â ,0
795, Merchandise7X,77,22,3,9,â˜…6,27%,51
796, Explicit Skills,100,19,1,7,â˜…5,42%,43
797, CHroLL0,54,16,1,8,â˜…,50%,36
798, LIL Kim (tera baap),11,13,2,6,â˜…3,14%,29
799, DoDa,28,7,1,8,â˜…,71%,23
800, Tayoooooo ini Tayoo,21,31,4,15,â˜…4,22%,71
801, Ace,73,21,5,19,â˜…3,42%,69
802, Prodigal Dad,90,24,7,23,â˜…3,37%,56
803, Gajasha,54,20,9,23,â˜…3,30%,54
804, DaBirdTard,30,20,10,20,â˜…2,35%,52
805, â˜®PussySmashersâ˜®,16,24,4,23,â˜…6,33%,70
806, puru3306,83,26,6,20,â˜…4,15%,64
807, M O M M A M,47,25,5,27,â˜…4,20%,59
808, Adtvlog390,46,8,5,22,Â ,25%,27
809, Nstaktknnsnplpp !,0,7,1,2,â˜…,14%,17
810, fr3NzY,30,22,5,21,â˜…3,40%,50
811, scarface,69,19,9,23,â˜…,15%,50
812, á€¬Mr.TK,69,21,1,18,â˜…4,38%,45
813, Light KAMI,0,18,1,17,â˜…2,31%,37
814, Monstermind./,63,12,1,20,â˜…2,41%,27
815, ChokiChoki,38,30,1,17,â˜…5,16%,66
816, Prodigal Dad,90,20,5,18,â˜…3,30%,48
817, Ace,53,19,4,21,â˜…4,5%,48
818, ABX,60,20,0,18,â˜…2,10%,45
819, m1ckey,129,12,4,15,â˜…2,33%,28
820, âœ«eticKo,25,30,3,16,â˜…5,26%,74
821, DesTroY04a,22,28,6,21,â˜…5,28%,70
822, Irtiza,73,20,3,19,â˜…2,15%,52
823, Acer,0,16,5,21,â˜…2,12%,40
824, El Cerebro,201,11,4,24,â˜…,18%,31
825, âœªSWAG,30,41,4,20,â˜…5,39%,93
826, Garchomp,39,22,7,20,â˜…2,45%,61
827, RISKY_PANDAT,39,17,2,24,â˜…3,23%,39
828, Prodigal Dad,59,15,2,23,â˜…2,20%,38
829, HALKA_shroud,79,12,2,21,â˜…3,8%,36
830, Prodigal Dad,54,20,4,9,â˜…3,15%,61
831, âœªMax,31,24,2,12,â˜…6,33%,59
832, Jatt Fire Karda,43,20,7,17,â˜…4,30%,49
833, ABT,58,20,2,14,Â ,20%,47
834, C9,65,12,1,18,â˜…3,58%,32
835, Morpheus,36,17,4,18,â˜…2,35%,45
836, é›ªå§¬,93,17,6,20,â˜…,35%,42
837, Qwerty...,72,12,4,19,â˜…,41%,38
838, Deadeye,78,14,1,17,â˜…3,35%,37
839, bAchApAnts,36,10,4,22,â˜…,40%,33
840, â™¡Waifu Senpaiâ™¡,119,26,0,13,â˜…7,46%,68
841, KenObi44,77,22,10,20,â˜…2,33%,65
842, TRISKING,47,20,6,19,â˜…,30%,54
843, Pr0m!n@nce,23,16,6,19,â˜…5,43%,44
844, (Tru5t),115,11,4,17,â˜…,25%,27
845, BOT Sattu,27,23,1,13,â˜…2,17%,59
846, Ace,46,16,4,21,â˜…3,18%,52
847, Prodigal Dad,66,17,6,21,â˜…,17%,45
848, PETER QUILL (starlord),86,16,2,21,â˜…,31%,40
849, MIYEON,87,13,4,21,â˜…2,15%,31
850, T. T,49,41,2,19,â˜…5,34%,89
851, Mad Titan,104,17,6,25,â˜…2,29%,40
852, Prodigal Dad,125,13,4,23,â˜…3,28%,38
853, The_Very_Harsh,60,12,6,22,â˜…2,33%,38
854, early,71,10,1,24,Â ,50%,24
855, JARWIS,28,35,7,15,â˜…7,65%,80
856, å¤©ç·šå¯¶å¯¶ å®å®,59,27,5,20,â˜…2,3%,62
857, é‡åŸæ–°ä¹‹åŠ©,60,19,3,18,â˜…3,40%,60
858, Overlord2k,135,22,3,23,â˜…4,22%,47
859, KONI GUTI,0,6,4,15,Â ,50%,16
860, K@r1N,184,28,3,14,â˜…6,21%,69
861, Mad Titan,81,25,3,14,â˜…3,28%,60
862, The_Very_Harsh,111,21,4,17,â˜…2,28%,49
863, Prodigal Dad,48,20,3,18,â˜…5,35%,45
864, Ace,19,8,6,16,Â ,25%,24
865, Last R8,60,31,3,22,â˜…3,35%,68
866, Crytoss_Raj#Giant,84,9,3,19,â˜…2,33%,33
867, Aviatorbittu380,11,14,3,21,Â ,50%,32
868, Vector,14,13,1,21,â˜…,30%,32
869, 3.14,24,14,0,20,â˜…2,35%,30
870, Engineer,78,50,2,8,â˜…10,36%,110
871, im stupid,70,17,2,12,â˜…2,5%,41
872, skwid,84,12,5,12,Â ,58%,35
873, XYNASTY,39,9,4,15,â˜…3,66%,28
874, _iBBi_,62,7,1,16,â˜…,12%,17
875, K@r1N,193,19,1,17,â˜…2,26%,44
876, Bipolar *,35,17,2,20,â˜…2,29%,39
877, Prodigal Dad,47,12,1,19,Â ,41%,26
878, Ace,19,9,4,20,Â ,33%,24
879, Mad Titan,100,5,3,20,â˜…2,20%,22
880, Takenpuppet,26,23,3,9,â˜…4,21%,54
881, hawk,23,21,4,11,â˜…5,19%,47
882, WHIPLASH,5,19,2,11,â˜…3,21%,47
883, Rawther,44,11,1,8,â˜…4,54%,36
884, Frillon_11,23,11,4,12,Â ,36%,30
885, Prodigal Dad,70,20,0,17,â˜…2,35%,48
886, bhenom,60,9,3,18,â˜…,55%,28
887, whisker,0,7,6,15,Â ,Â ,24
888, G-Virus,74,6,4,19,Â ,16%,20
889, RISKY_PANDAT,43,8,2,16,Â ,22%,18
890, Prodigal Dad,59,25,4,21,â˜…,24%,54
891, bhenom,39,21,5,20,â˜…6,38%,51
892, RISKY_PANDAT,31,18,6,19,â˜…,22%,43
893, Shatter,75,10,4,19,â˜…2,30%,30
894, HALKA_shroud,0,13,1,9,â˜…,30%,28
895, AJ,39,33,5,17,â˜…6,30%,78
896, PotatoosFriend cs.money,78,24,5,16,â˜…4,29%,62
897, sherlock,101,17,4,21,â˜…3,47%,39
898, The_B!RD,36,11,3,18,â˜…2,16%,35
899, Luc1fer,35,12,3,18,â˜…,16%,34
900, 24okixian24,93,37,1,11,â˜…8,30%,88
901, RAW.Jango,22,19,5,10,â˜…2,36%,54
902, Å»ÅºÅ¾ÄÃ¢Ã¦Ã£Ã¥,83,23,4,16,â˜…5,34%,50
903, pussytarianâ™¦â™¥â™ â™£,0,5,0,4,â˜…,16%,10
904, K13_Delta,0,1,3,4,Â ,Â ,5
905, MeowNyan,29,22,5,17,â˜…3,9%,51
906, Prodigal Dad,94,17,6,22,Â ,29%,40
907, Alvarians,39,12,1,17,â˜…2,25%,31
908, Schwifty98,31,7,4,18,â˜…,14%,25
909, SerapheonHD,80,5,2,20,Â ,40%,17
910, WAR10Ck,41,44,3,12,â˜…11,38%,91
911, Prodigal Dad,86,17,1,15,â˜…,23%,36
912, Tarzan,83,14,3,14,â˜…2,35%,34
913, RAGE WOLF,8,12,3,12,â˜…,50%,29
914, X3ON,82,10,2,17,â˜…,50%,29
915, Agent007,44,23,3,18,â˜…,34%,56
916, Mr.CooL,5,16,0,21,â˜…2,37%,35
917, Death Silencer II1080ti II,41,12,3,19,Â ,25%,30
918, MrXWorldWide,23,11,2,19,â˜…3,36%,29
919, StArS,22,8,4,20,Â ,25%,20
920, Prodigal Dad,89,35,3,22,â˜…7,42%,82
921, Kek,159,32,6,19,â˜…4,28%,74
922, ã€Peejenã€‘,131,20,12,21,â˜…3,38%,68
923, Lada Niva,166,17,3,19,â˜…,29%,45
924, Ace,47,9,6,23,â˜…,22%,28
925, macchar,104,30,3,20,â˜…4,33%,71
926, Hunterrr,28,24,9,25,â˜…3,41%,64
927, Warrior,52,21,8,22,â˜…3,28%,58
928, lexysexy,78,18,8,25,â˜…3,31%,46
929, 20 fps | PotatoPC,38,10,4,23,â˜…,40%,26
930, lexysexy,54,22,3,13,â˜…5,31%,49
931, macchar,94,19,4,16,â˜…3,42%,47
932, Láµ’áµ›áµ‰áµ§â‚’áµ¤â¤,61,20,2,17,â˜…5,40%,42
933, 20 fps | PotatoPC,33,11,4,14,â˜…2,36%,37
934, mitshah98,274,12,5,14,â˜…,8%,31
935, Dreadnoughtxx,49,27,1,16,â˜…2,33%,56
936, Prodigal Dad,60,13,3,19,â˜…,38%,33
937, Crozzair,39,15,1,16,â˜…,33%,31
938, Popeq,46,11,2,16,Â ,9%,31
939, Ace,44,9,5,18,â˜…2,Â ,31
940, Chicken,74,27,6,18,â˜…4,29%,63
941, xlEYEPATCHlx,56,25,5,14,â˜…2,24%,58
942, asli shroud,54,20,1,14,â˜…4,30%,52
943, Prodigal Dad,67,19,6,19,â˜…6,10%,47
944, Ace,29,10,4,17,Â ,20%,27
945, $uresh,47,30,3,19,â˜…4,36%,65
946, PT_Sam,28,13,7,22,â˜…2,7%,37
947, Major Nasty,28,13,6,21,â˜…2,15%,33
948, PT_Hitman8080,41,12,1,20,Â ,58%,25
949, Slasher619,0,7,1,10,â˜…,28%,15
950, Tra$her,15,47,4,10,â˜…10,31%,104
951, 1rony,30,15,7,17,â˜…4,40%,42
952, Prodigal Dad,84,15,6,20,â˜…,40%,42
953, ShootYourMama,43,9,6,18,Â ,55%,28
954, [A]n[A]L,54,10,4,19,â˜…,40%,24
955, Estus Flask,74,19,4,18,â˜…2,47%,52
956, Hundinnen,47,18,1,21,â˜…2,44%,42
957, KSM,19,17,4,19,â˜…,23%,42
958, Hype,28,17,5,20,â˜…2,52%,40
959, à¹à¸‡à¹Šà¸™à¹† No.1,56,13,0,18,â˜…,30%,29
960, DE70NA70R,58,41,4,18,â˜…7,29%,86
961, Prodigal Dad,47,25,2,23,â˜…4,15%,56
962, Jatt Fire Karda,27,21,3,24,â˜…2,52%,50
963, C9,47,17,3,23,â˜…3,70%,45
964, Desi_Mullah,123,13,8,25,Â ,42%,40
965, Cobra Kai never dies!,42,34,3,20,â˜…8,14%,88
966, MiDAs.SOlo,99,25,6,23,â˜…2,24%,60
967, Atomic,85,23,5,25,â˜…2,47%,51
968, â‚ Elaichi âšœï¸ä¹¡âšœ -iwnl-,102,22,2,25,â˜…,18%,47
969, AIMLESS,104,6,7,27,â˜…,42%,19
970, BABA YAGA!!!,53,28,5,25,â˜…5,39%,73
971, Prodigal Dad,102,26,0,22,â˜…5,26%,56
972, [HD] Abhi,0,15,3,19,â˜…2,Â ,37
973, Ace,46,12,2,23,â˜…,25%,33
974, fasail pro,50,13,1,24,â˜…2,15%,31
975, Killer ãƒ„,6,32,2,14,â˜…5,9%,71
976, Rhino,69,27,1,24,â˜…4,25%,59
977, ImP_RuLz,96,21,6,19,â˜…4,52%,51
978, DudeTabahi,121,17,2,20,â˜…2,23%,40
979, â˜…VLADOFâ˜…,74,16,3,17,Â ,37%,36
980, Superpro9000|Ultrainstinct|DBX2â„¢,68,23,1,9,â˜…4,43%,48
981, tonystark,31,21,4,6,â˜…4,19%,47
982, Ace,27,14,5,9,â˜…2,7%,37
983, Prodigal Dad,48,14,4,13,â˜…3,21%,33
984, CK,105,12,2,9,â˜…3,7%,28
985, BOSSBABY934,35,14,1,16,â˜…,28%,31
986, Van Hook 21,47,12,1,18,Â ,50%,27
987, Spectre,92,12,0,15,â˜…,25%,26
988, 011,18,3,6,18,Â ,66%,12
989, Lomee,211,4,3,17,Â ,Â ,11
990, Mr.H,5,18,2,17,â˜…2,27%,40
991, Prodigal Dad,91,10,4,16,Â ,Â ,25
992, Pika Pika,171,6,4,17,Â ,Â ,21
993, TRIVEDI,36,6,1,17,Â ,33%,15
994, Mukripper,78,6,0,17,â˜…,Â ,13
995, todty2,0,23,3,8,â˜…6,43%,65
996, ğŸ˜KaMiORNğŸ˜,67,24,8,10,â˜…5,20%,59
997, todty4,67,15,2,11,â˜…2,20%,45
998, iwnl Joker5972,254,13,1,10,â˜…2,38%,34
999, sami_kub,62,8,0,8,â˜…,25%,19
1000, arkadas1992,55,9,0,7,â˜…,33%,18
1001, Prodigal Dad,66,2,1,7,Â ,50%,5
1002, Ace,40,1,0,7,Â ,100%,2
1003, â–„ï¸»Ì·Ì¿â”»Ì¿â•â”ä¸€â˜®,53,0,1,7,Â ,Â ,1
1004, Akeno,0,0,0,1,Â ,Â ,0
1005, USELESS.,107,12,3,4,â˜…4,25%,27
1006, Heretic4997,54,9,3,4,Â ,44%,23
1007, âœªSilverQuartzâœª,48,7,3,5,â˜…,28%,17
1008, PNormative,52,5,2,3,â˜…,40%,14
1009, I am Groot!,26,1,0,5,Â ,Â ,2
1010, Prodigal Dad,78,22,7,23,â˜…4,18%,57
1011, â–„ï¸»Ì·Ì¿â”»Ì¿â•â”ä¸€â˜®,40,19,5,23,â˜…3,31%,50
1012, Ace,20,15,8,23,â˜…2,26%,41
1013, arkadas1992,34,16,5,24,Â ,37%,37
1014, shroud,5,13,3,22,â˜…2,38%,34
1015, BOT Sattu,9,33,4,16,â˜…5,33%,72
1016, godthuglife,45,25,3,19,â˜…3,28%,65
1017, Shout,29,25,3,16,â˜…2,20%,58
1018, jhand,24,14,7,19,â˜…,42%,43
1019, Dahi Bhalla,5,18,2,15,â˜…5,33%,40
1020, the_crazy_gamer,35,26,2,18,Â ,38%,56
1021, RISKY_PANDAT,51,18,3,16,â˜…2,22%,41
1022, bhenom,60,18,2,19,â˜…2,50%,40
1023, DonaldDuck1133,48,5,1,19,â˜…,33%,17
1024, CooKie,104,4,4,20,â˜…2,Â ,17
1025, Papa John,43,24,5,13,â˜…3,29%,58
1026, Ace,44,19,2,9,â˜…4,47%,55
1027, Prodigal Dad,63,18,5,15,â˜…3,16%,48
1028, HuNtInGm@cHiNe,31,18,1,16,â˜…3,33%,39
1029, _Bagad_Billa,170,12,2,19,â˜…3,58%,32
1030, Sumarni Hasballah,75,21,3,20,â˜…5,9%,54
1031, EVIL_GANDHI,78,20,4,18,Â ,30%,48
1032, ADAMAS,7,13,1,20,â˜…,30%,40
1033, Prodigal Dad,68,13,1,20,â˜…2,23%,34
1034, skippybros/ skinhub.com,39,12,6,21,â˜…,58%,31
1035, THE-TECH-DEVIL::[SMC]::,37,36,3,16,â˜…5,25%,83
1036, Prof_Tr1shz,59,35,6,16,â˜…8,42%,78
1037, Fsk_Rulz,12,14,3,16,â˜…2,35%,39
1038, TooDrunked,5,8,3,15,â˜…,Â ,24
1039, Illusionistixx,5,6,4,14,Â ,33%,20
1040, KhOoNi DaRiNdA,106,33,4,17,â˜…5,27%,77
1041, atcarry,7,31,5,16,â˜…7,19%,67
1042, RAM0,42,16,6,16,â˜…,37%,38
1043, ITACHI,21,14,4,15,â˜…2,7%,38
1044, Annabelle,5,13,2,16,â˜…,38%,35
1045, Prodigal Dad,37,24,2,19,â˜…3,45%,59
1046, MansNotHot,10,19,0,20,â˜…3,21%,49
1047, TheBlueNova,27,14,1,23,â˜…3,35%,34
1048, xanther,84,13,2,22,â˜…,61%,28
1049, NaN kANnadIgA,28,10,1,23,Â ,20%,22
1050, xanther,105,20,6,20,Â ,45%,51
1051, MansNotHot,24,15,5,19,â˜…3,13%,46
1052, Prodigal Dad,57,16,4,18,Â ,43%,39
1053, Alpha,29,16,5,22,â˜…3,25%,38
1054, â™«ğŸ’œâ„œáº³â„£á»ƒá¹ŠğŸ’œ(â—•,31,14,1,19,â˜…2,14%,32
1055, Hyde,51,24,5,15,â˜…3,16%,65
1056, Azambro31,125,22,1,18,â˜…6,36%,54
1057, Vellfyre,42,18,1,19,â˜…4,22%,47
1058, Bulbasaur,77,18,5,13,â˜…,38%,46
1059, Jija JI.wOw,87,16,6,16,â˜…2,31%,43
1060, Prodigal Dad,72,22,5,22,â˜…3,31%,56
1061, Mr_Ben....,92,20,3,17,â˜…,19%,55
1062, nanohard|PvPro.com,33,23,2,19,â˜…4,47%,51
1063, Ace,54,20,3,23,â˜…2,30%,45
1064, Naing Min Htet10,56,7,1,20,â˜…,42%,21
1065, SueSha,88,33,8,16,â˜…9,36%,99
1066, Forsaken,64,24,3,15,â˜…3,16%,61
1067, âˆ† EuPhoRia âˆ†,63,15,5,22,â˜…,40%,38
1068, GarmaGaram Chingari,60,14,2,21,â˜…,33%,35
1069, Robbat,110,13,4,20,â˜…2,46%,35
1070, Prodigal Dad,61,25,4,19,â˜…7,28%,55
1071, xanther,101,23,3,18,â˜…4,8%,55
1072, Fattu,333,20,9,22,â˜…,30%,52
1073, Ace,36,19,2,18,â˜…2,26%,49
1074, Baechu,50,17,3,18,â˜…2,22%,38
1075, shruggedflea,77,18,3,18,â˜…3,16%,51
1076, Martin,125,22,5,18,â˜…,31%,50
1077, lil_dynah,64,22,2,23,â˜…4,45%,46
1078, NOObgOD,51,18,1,24,â˜…2,61%,37
1079, Pushkar24,19,14,5,21,â˜…2,14%,33
1080, LUNGGGGG,39,20,5,19,â˜…3,20%,52
1081, Structuraliuy,79,21,0,22,â˜…3,52%,51
1082, Fung0_0,31,19,4,22,â˜…2,20%,47
1083, MysteryMaster,129,12,1,19,â˜…2,16%,38
1084, Prodigal Dad,101,11,2,23,â˜…2,27%,30
1085, NagatoYuki,78,25,3,13,â˜…5,28%,73
1086, .,27,32,2,18,â˜…6,25%,69
1087, Ainz own Gowl,22,20,4,16,Â ,20%,52
1088, AraThorN,32,19,4,15,â˜…2,36%,49
1089, Yuuki Ryousuke,18,9,4,21,â˜…3,77%,32
1090, MyAssDefeatsYou,74,24,6,21,â˜…3,20%,67
1091, Ace,39,26,1,25,â˜…4,23%,58
1092, Damian Wayne,57,18,3,25,â˜…2,16%,46
1093, Terminator,111,18,0,23,â˜…4,Â ,38
1094, Prodigal Dad,90,14,4,26,â˜…,42%,34
1095, Itachi_ Ø§ÛŒØ±Ø§Ù†,89,43,5,20,â˜…5,18%,97
1096, NoisyBoy,110,20,3,19,â˜…5,35%,59
1097, RhetoricB,53,22,5,19,â˜…2,45%,55
1098, Who The Fcuk -Miracle-,85,19,5,22,â˜…3,15%,50
1099, Hawkeye's Kit,0,16,1,16,â˜…,12%,35
1100, Jay,20,21,1,18,â˜…2,27%,45
1101, CHATTAN,0,13,5,16,â˜…,35%,33
1102, Raoooooooooooool,5,12,1,18,Â ,Â ,25
1103, BABYSHARKDOODOO,32,8,3,15,Â ,12%,19
1104, venom,0,3,0,7,Â ,33%,6
1105, {{HaWKs}} Pe.ACE,25,42,3,10,â˜…10,47%,105
1106, {{HaWKs}} | `iD[a]rk.ftw~,97,14,2,9,â˜…2,35%,39
1107, Prodigal Dad,85,10,5,14,â˜…2,27%,33
1108, Mad Titan,40,8,3,12,â˜…2,Â ,22
1109, BL4CKD4D,21,5,6,17,Â ,20%,19
1110, Mcd,27,23,2,11,â˜…4,8%,62
1111, Nobita Nobi,43,23,3,12,â˜…4,30%,53
1112, PlayLikeHaitao,73,19,7,10,â˜…3,36%,53
1113, DaRki,67,15,4,13,â˜…3,6%,42
1114, Doraemon~,17,14,2,12,â˜…2,35%,35
1115, DevilsPain,8,16,2,19,â˜…,12%,48
1116, I IS BOBCHAN,17,14,1,19,â˜…,57%,39
1117, Hanlosos,31,12,5,17,â˜…2,33%,34
1118, Prodigal Dad,95,11,0,20,Â ,36%,23
1119, HeHe XD,19,6,2,19,â˜…,16%,19
1120, å¤§åœ’æ¡ƒå­,144,31,5,12,â˜…3,12%,72
1121, ^blue^core^,5,24,6,15,â˜…4,41%,57
1122, é˜ªå£ç ç¾,99,19,6,14,â˜…4,36%,56
1123, Prodigal Dad,45,23,4,15,â˜…4,17%,55
1124, ã‚µãƒŸã‚¤ OwO,218,6,5,11,â˜…,50%,22
1125, Chinanumbawan,41,19,3,20,â˜…3,5%,49
1126, Speedwagon,35,15,3,23,â˜…2,33%,36
1127, thicc boi,41,13,0,19,â˜…2,30%,28
1128, flyR,154,11,1,18,â˜…,Â ,26
1129, Word.exe,59,8,2,20,Â ,Â ,22
1130, Dr. K,49,27,4,18,â˜…3,21%,61
1131, SHINCHAN NOHARA,55,19,3,19,â˜…5,42%,43
1132, KhOoNi DaRiNdA,74,17,5,22,â˜…,23%,40
1133, why you bully me?,62,12,3,21,â˜…,35%,35
1134, Voodoo,104,11,3,21,Â ,27%,25
1135, trippy,55,32,4,18,â˜…7,36%,68
1136, maxkiller,49,24,1,17,â˜…3,45%,61
1137, Prodigal Dad,83,15,5,19,â˜…4,26%,43
1138, Ace,24,16,5,20,â˜…2,43%,42
1139, Sarangal09,77,10,3,16,Â ,40%,28
1140, HellFrager~,60,17,4,7,â˜…3,41%,48
1141, âœª S M E L L Y B O Y E âœª,28,17,4,7,â˜…3,29%,44
1142, Prodigal Dad,85,20,2,11,â˜…5,25%,43
1143, Ace,23,15,4,10,â˜…4,12%,39
1144, BOT TwÃ³j stary pijany,329,9,3,9,â˜…,11%,23
1145, || HarshGehlot ||,44,11,1,16,Â ,54%,28
1146, Adolph Ather,58,9,0,15,Â ,50%,23
1147, JAMESBOND,27,8,0,17,Â ,25%,20
1148, DiKU,68,7,3,17,Â ,Â ,17
1149, sparrow,0,6,1,12,â˜…,33%,14
1150, streaX| Pvpro.com,46,22,7,14,â˜…6,31%,62
1151, Don't count on me,29,23,4,15,â˜…2,26%,55
1152, Rajanmon2911,0,20,5,14,â˜…6,Â ,49
1153, G2 KennyS (gst baba),22,18,3,18,â˜…,16%,39
1154, Joker,61,11,6,18,â˜…,45%,36
1155, Mr.Noob,45,23,4,17,â˜…3,34%,52
1156, HoD,53,18,4,20,â˜…,44%,48
1157, Ace,46,17,2,18,â˜…3,5%,47
1158, Prodigal Dad,136,11,3,22,â˜…,45%,31
1159, â€¡ÂµÃŸÂ¥â€¡,47,10,3,19,Â ,20%,26
1160, M0134,46,23,1,20,â˜…2,34%,51
1161, HiTMaN,64,19,2,21,Â ,15%,41
1162, NORTH,84,18,2,20,â˜…4,33%,40
1163, rupertlim88,33,16,4,22,â˜…2,Â ,40
1164, vincenzotejawinata,53,7,2,21,â˜…2,Â ,20
1165, Mr.Noob,45,26,6,19,â˜…5,26%,58
1166, Prodigal Dad,67,24,2,13,â˜…4,16%,54
1167, E X C R E A T I O N,35,20,6,18,â˜…3,20%,46
1168, t{h}e-jo[K]eR,91,17,1,15,â˜…2,47%,46
1169, 5 Little Idiots,76,16,3,19,â˜…2,35%,41
1170, NYANz,50,31,5,19,â˜…5,22%,69
1171, ç”·ä¸ŠåŠ â™‚ç”·,77,27,5,22,â˜…6,22%,60
1172, å·¦å³ä¸ºâ™‚ç”·,78,23,6,21,â˜…,34%,52
1173, Prodigal Dad,104,15,8,25,â˜…,20%,40
1174, å¼ºäººé”â™‚ç”·,83,14,6,20,â˜…2,57%,38
1175, Lazer,39,29,6,25,â˜…3,24%,67
1176, [R24]KennyT,58,26,3,21,â˜…7,34%,61
1177, Boysmootty,39,23,6,21,â˜…5,26%,61
1178, Sneezy Dwarf,55,9,7,24,Â ,10%,25
1179, All Green,0,2,0,5,Â ,50%,4
1180, Black Matte,79,23,2,20,â˜…2,8%,52
1181, BATMAN,113,11,7,22,â˜…2,27%,39
1182, â™›GamingMonsterâ„¢âœ”,56,14,5,21,â˜…,28%,35
1183, Prodigal Dad,73,14,3,22,â˜…3,14%,35
1184, Illusion,39,13,2,21,â˜…,46%,32
1185, Ethan Hunt,23,23,5,15,â˜…5,43%,59
1186, Jhonny Babu,11,21,3,13,â˜…5,23%,57
1187, Nemesis952,31,19,6,15,â˜…2,21%,52
1188, Naidu92,9,23,4,16,â˜…2,26%,50
1189, .ğ•½ğ–†ğ–•1ğ–‰,36,20,5,16,â˜…2,25%,48
1190, NaMaN,54,26,1,19,â˜…3,46%,57
1191, Prophercy,94,22,6,16,â˜…3,27%,55
1192, Prodigal Dad,70,21,3,19,â˜…2,19%,47
1193, Praneeth270,41,16,4,18,â˜…2,12%,39
1194, PITA,63,9,9,20,Â ,22%,27
1195, JaCKMaN,125,26,3,20,â˜…4,26%,60
1196, fRU$TR@TEd |xcasego.com,83,23,7,23,â˜…3,39%,53
1197," Pain,I am GOD",91,14,3,19,â˜…3,26%,45
1198, AV,61,14,3,15,â˜…2,28%,44
1199, H4Â®M-1n,42,13,3,19,â˜…4,28%,29
1200, Bulbasaur,77,27,2,20,â˜…6,25%,58
1201, CHINU,82,20,4,20,â˜…2,55%,57
1202, Prodigal Dad,83,20,7,24,â˜…4,45%,52
1203, Leo,87,10,3,20,Â ,50%,31
1204, Destructor44,0,10,0,10,Â ,40%,20
1205, ğ” ğ”¥ğ”¦ğ”¢ğ”£,125,32,6,17,â˜…6,15%,82
1206, DIS-WAR,65,19,4,18,â˜…2,26%,55
1207, buggs bunny,139,22,2,20,â˜…4,13%,52
1208, Extortioner,41,20,3,19,â˜…2,35%,51
1209, Abhishek Guha,0,10,2,11,â˜…,30%,25
1210, *[A]ree[B]*,75,36,2,14,â˜…9,13%,83
1211, AdranGlame hellcase.com,46,20,3,19,â˜…2,25%,50
1212, BappoNoCrappo,46,17,6,19,Â ,41%,46
1213, idk,58,16,6,20,â˜…3,18%,44
1214, masumsalvi,41,14,4,18,â˜…2,21%,42
1215, k-k-k-kawaii,76,22,3,20,â˜…3,36%,51
1216, STUPIDMONKEY,73,19,3,21,â˜…3,26%,50
1217, Prodigal Dad,82,17,6,21,â˜…2,23%,46
1218, autimatic,55,16,7,19,Â ,18%,42
1219, Má»›i táº­p chÆ¡i,63,16,4,22,â˜…2,12%,38
1220, Captain Domique,120,27,9,19,â˜…2,29%,71
1221, Mad Titan,50,24,5,17,â˜…5,33%,64
1222, ThE bONg,45,22,8,19,â˜…2,36%,63
1223, <: JAcK_The_Ripper :>,41,21,4,17,â˜…3,9%,54
1224, Prodigal Dad,62,19,4,19,â˜…4,31%,50
1225, ddBbbbbbeck,76,23,6,21,â˜…4,17%,65
1226, mr.happymarimo,40,19,6,21,â˜…2,25%,48
1227, EternalLoliconOfEternalness.exe,0,15,0,15,â˜…3,33%,39
1228, AndY,104,13,3,26,â˜…2,38%,33
1229, Starboy,0,8,4,15,â˜…,22%,22
1230, DAGGER Dada,75,27,11,19,â˜…3,14%,69
1231, Astralis â€¢ SPARTAN,61,27,2,19,â˜…4,29%,60
1232, WORD.EXE,60,22,7,23,â˜…4,40%,52
1233, Prodigal Dad,53,17,5,23,â˜…2,23%,45
1234, Dr. Banner,36,16,4,17,â˜…3,12%,45
1235, âœªSlayer,35,41,3,22,â˜…7,24%,90
1236, ãŠå‰ã¯ã‚‚ã†æ­»ã‚“ã§ã„ã‚‹,19,21,7,26,â˜…2,28%,53
1237, WEEDY,0,14,1,15,â˜…2,31%,36
1238, MahaKaal,0,7,0,2,â˜…3,28%,23
1239, SK FALLEN,0,7,5,25,Â ,25%,21
1240, Jesus is my dog,42,31,6,23,â˜…4,32%,75
1241, shadowstan!!,34,19,2,20,â˜…2,31%,50
1242, fr3NzY,38,20,3,17,â˜…4,45%,47
1243, SuttaBazz,41,15,6,25,â˜…3,66%,39
1244, ASSASSIN,41,15,1,22,Â ,25%,39
1245, Ace,42,33,5,19,â˜…7,27%,80
1246, Mad Titan,628,23,3,16,â˜…,34%,57
1247, naynyburn,62,21,8,22,â˜…3,4%,55
1248, Prodigal Dad,141,20,3,22,â˜…2,20%,47
1249, OneLove.emgeeela,90,13,4,23,â˜…3,30%,37
1250, Azrael,79,27,7,21,â˜…6,21%,68
1251, âœª Ogs,30,28,4,16,â˜…6,21%,63
1252, BerryLover,47,17,8,22,â˜…2,23%,49
1253, Azog,92,19,2,20,â˜…2,21%,44
1254, ILovePPQ,32,9,5,17,Â ,30%,23
1255, Prodigal Dad,104,20,6,18,â˜…3,38%,55
1256, Sniper Elite,29,22,6,23,â˜…2,13%,52
1257, Ace,74,19,5,24,â˜…,31%,49
1258, <Skinhub.com><Hellcase.com>,71,17,4,16,â˜…2,35%,44
1259, TOXIN,104,15,4,22,â˜…3,20%,38
1260, KENSAR BABAJI | ROHAN |,67,35,6,20,â˜…5,20%,83
1261, Jack Dawson,64,23,5,20,â˜…4,34%,70
1262, [HD] Abhi,26,18,7,19,â˜…5,27%,62
1263, ANGRYGOD,71,25,4,23,Â ,20%,60
1264, Idol Raffy,111,11,3,24,â˜…2,36%,30
1265, no NAME,49,37,6,21,â˜…6,18%,91
1266, Prodigal Dad,77,21,6,25,â˜…3,28%,55
1267, <Skinhub.com><Hellcase.com>,109,18,2,24,â˜…,33%,43
1268, CallMeDaddy,28,12,1,23,â˜…,30%,38
1269, Mad Titan,0,8,0,2,â˜…2,25%,19
1270, WORD.EXE,0,15,3,8,â˜…,53%,34
1271, Astralis â€¢ SPARTAN,63,14,3,16,â˜…2,40%,33
1272, Sorcerer Supreme,224,10,2,16,â˜…,30%,22
1273, Prodigal Dad,79,9,0,18,â˜…2,11%,18
1274, DAGGER Dada,0,2,2,15,Â ,100%,6
1275, Hanjo on Fiyah,46,24,3,10,â˜…3,41%,57
1276, M I L L E N N I A L S,85,23,3,11,â˜…2,26%,50
1277, BABYMETAL,24,15,5,14,â˜…5,25%,49
1278, MOMO,92,14,5,13,â˜…4,21%,42
1279, BABA YAGA,62,8,1,9,â˜…2,11%,25
1280, Sorcerer Supreme,42,20,9,10,â˜…4,20%,52
1281, Astralis â€¢ SPARTAN,48,20,4,10,â˜…5,15%,48
1282, WORD.EXE,40,19,3,8,â˜…4,21%,41
1283, Prodigal Dad,65,14,3,11,â˜…,21%,39
1284, DAGGER Dada,45,15,1,10,â˜…2,6%,35
1285, cx,15,13,1,18,â˜…,15%,27
1286, qqwrd,96,10,2,18,â˜…,30%,27
1287, Bonkersen96,11,11,0,19,Â ,45%,24
1288, Grimgerde,34,11,1,17,Â ,18%,23
1289, SILVÎR,28,4,4,16,â˜…2,25%,16
1290, Prodigal Dad,67,26,3,19,â˜…5,34%,64
1291, Christane pvpro.com,35,26,6,23,â˜…3,34%,59
1292, a_ikhlaif,50,23,3,23,â˜…,34%,51
1293, FearlessRomeo,70,19,4,21,â˜…5,26%,48
1294, Mad Titan,317,16,8,18,â˜…2,35%,47
1295, svmgpt,86,35,2,17,â˜…4,11%,80
1296, â™¥ |Bad| YoYo â™¥,23,25,6,24,â˜…6,30%,61
1297, Akash,27,15,6,21,â˜…2,40%,38
1298, ranger,88,15,1,23,â˜…,33%,36
1299, lucifer,52,12,2,25,Â ,8%,28
1300, I Got it From My DADDY,63,35,4,9,â˜…7,25%,84
1301, Prodigal Dad,81,17,4,16,â˜…3,23%,44
1302, Mad Titan,69,15,2,10,â˜…3,20%,38
1303, Savitar,40,16,3,14,â˜…,52%,37
1304, minrows,58,11,4,12,â˜…2,54%,28
1305, TripleM,73,12,1,19,â˜…3,25%,35
1306, Kabana,59,14,2,18,â˜…,21%,34
1307, î€‘î€  ARUFA+ î€ˆî€”,0,14,0,18,â˜…,28%,28
1308, msamjat,94,10,3,20,Â ,10%,26
1309, â‚±Ãªáº³Â¢á¸© Â¶,211,9,5,19,â˜…,11%,25
1310, ohoho,5,13,4,16,â˜…,23%,30
1311, BONKAI.....!!!!,6,12,4,16,â˜…,41%,30
1312, xx2  krakendrop.top,9,13,2,18,â˜…2,15%,28
1313, DoCTeR sTraNGE,47,11,2,18,â˜…,45%,26
1314, OnAMacBookPro,149,9,2,17,Â ,22%,20
1315, Nar,48,24,2,9,â˜…5,4%,60
1316, minrows,62,19,5,11,â˜…4,45%,48
1317, Prodigal Dad,73,16,3,11,â˜…3,25%,48
1318, Mad Titan,77,13,9,14,â˜…3,53%,38
1319, Savitar,42,14,1,12,â˜…,71%,32
1320, FearlessRomeo,69,20,3,23,â˜…2,25%,54
1321, Hammo,92,15,3,21,â˜…4,6%,43
1322, itsmehaziq,45,16,3,22,â˜…3,18%,38
1323, vader1008,25,13,2,20,â˜…,30%,32
1324, <Skinhub.com><Hellcase.com>,0,7,2,16,Â ,42%,17
1325, AssASsIn`Xx J-,83,31,4,13,â˜…7,9%,73
1326, Prodigal Dad,70,26,2,17,â˜…4,30%,59
1327, Mad Titan,90,18,7,16,â˜…3,33%,49
1328, Qpaccc,71,19,5,15,â˜…,31%,44
1329, TooDrunked,16,16,4,16,â˜…,56%,39
1330, Richmond Seriosa Paat,87,33,3,15,â˜…6,21%,73
1331, Gintoki,113,21,5,14,â˜…3,23%,53
1332, Prodigal Dad,91,23,6,18,â˜…4,29%,52
1333, Mad Titan,75,17,5,19,â˜…3,35%,41
1334, Baba Yaga,67,14,9,18,Â ,13%,37
1335, MoTiSc,71,21,7,24,â˜…2,66%,54
1336, kidthesith,128,21,4,22,â˜…3,23%,52
1337, Black_BLADE,79,16,5,23,â˜…3,18%,42
1338, Lil Xan 12,74,13,5,18,Â ,23%,32
1339, Azog,126,11,2,23,â˜…3,36%,31
1340, TheDominateR97,63,37,5,17,â˜…7,45%,81
1341, æˆ‘æœ€å,74,37,2,14,â˜…6,56%,78
1342, Trezo,50,16,2,17,â˜…,50%,40
1343, M.o.s.yâ„¢ BitSkins.com,38,15,6,16,â˜…,33%,38
1344, âœªï¸Aqua,56,13,2,17,â˜…,38%,35
1345, à¸ªà¸¸à¸à¸£,77,34,5,19,â˜…8,29%,81
1346, Habib_Logic,342,16,5,22,â˜…2,37%,48
1347, Mad Titan,52,13,6,26,â˜…,23%,38
1348, Winter.ACE,5,10,3,26,Â ,40%,23
1349, Prodigal Dad,69,7,5,26,Â ,62%,20
1350, Rahyle,31,33,7,12,â˜…7,18%,77
1351, ğŸ‘‰ğŸ‘ŒğŸ˜²ğŸ’¦ğŸ’¦ğŸ’¦,71,30,9,14,â˜…5,40%,71
1352, Rexona Man,85,17,4,12,â˜…3,38%,44
1353, MUSELK082,0,11,6,11,â˜…,50%,36
1354, Firecorex,0,4,1,6,Â ,25%,10
1355, Prodigal Dad,189,16,5,22,â˜…2,23%,38
1356, Samin,42,15,5,19,â˜…2,46%,35
1357, Mad Titan,110,13,1,21,â˜…,38%,34
1358, |<therealshroud>|,50,8,0,21,â˜…2,25%,27
1359, Mirmo~,0,4,0,10,â˜…,25%,13
1360, Mad Titan,48,33,3,13,â˜…5,18%,86
1361, profile name,37,18,10,16,â˜…4,38%,50
1362, Prodigal Dad,54,19,6,16,â˜…4,31%,47
1363, Ace,39,15,4,14,â˜…2,20%,41
1364, Gillian,0,9,1,8,â˜…,55%,20
1365, why you bully me?,63,20,4,19,â˜…4,30%,51
1366, CSGOSUCKS,52,20,2,19,â˜…2,45%,49
1367, whisker,5,17,5,23,â˜…,29%,41
1368, Bug LIFE,120,10,1,19,Â ,30%,25
1369, TEAM INVINCIBLE | FADE |,33,9,2,19,â˜…,22%,24
1370, Mad Titan,55,31,3,13,â˜…7,16%,72
1371, Prodigal Dad,72,25,5,16,â˜…3,24%,64
1372, Ace,27,18,2,17,â˜…3,27%,43
1373, profile name,22,14,2,15,â˜…,28%,34
1374, ReD X,214,10,5,13,â˜…2,50%,29
1375, Dahi Bhalla,44,22,2,18,â˜…,13%,49
1376, BOT Sattu,9,20,3,21,Â ,40%,47
1377, Sakht Launda,47,12,1,19,â˜…5,16%,35
1378, Shout,34,13,6,19,Â ,15%,33
1379, godthuglife,17,7,8,21,Â ,28%,27
1380, bot gunner,83,18,5,19,â˜…,11%,43
1381, CrEeD,57,19,3,19,â˜…,42%,42
1382, Manis,51,13,5,21,â˜…,30%,33
1383, forsaken ke saste cheats,65,10,5,16,â˜…2,40%,28
1384, Awbatman,50,11,2,19,Â ,36%,27
1385, Panda Is Real,62,35,4,10,â˜…6,62%,77
1386, Ace,60,18,3,16,â˜…3,33%,51
1387, Mad Titan,60,14,5,16,â˜…2,21%,41
1388, BOT Alert,77,16,4,12,â˜…3,37%,40
1389, Prodigal Dad,55,12,5,17,â˜…2,8%,30
1390, jack,11,22,4,15,â˜…6,40%,50
1391, Prodigal Dad,59,19,4,16,â˜…5,31%,47
1392, Mad Titan,606,18,2,11,â˜…,38%,40
1393, ThE bONg,65,16,2,12,â˜…4,31%,37
1394, Ace,56,16,0,12,Â ,12%,35
1395, Kodiuty,75,25,4,18,â˜…2,28%,57
1396, Subang,0,22,1,13,â˜…2,31%,51
1397, SPEED,45,11,5,20,Â ,18%,27
1398, Pumpkin,83,6,3,20,â˜…,33%,18
1399, Jisoo â™¡â™¡,73,2,5,19,â˜…,50%,9
1400, Sha`,54,27,4,17,â˜…7,33%,72
1401, Superpro9000|Ultrainstinct|DBX2â„¢,104,23,2,17,â˜…3,26%,53
1402, ì¡°ìš©íˆ í•˜ì„¸ìš”!,121,19,7,14,â˜…4,26%,53
1403, Cypher,32,17,4,12,â˜…,23%,43
1404, GO99LK,84,14,5,18,â˜…,35%,37
1405, Prodigal Dad,61,17,3,19,â˜…2,17%,43
1406, EKYISML,39,17,1,19,â˜…2,41%,43
1407, Mad Titan,53,17,2,21,â˜…2,47%,38
1408, yd,59,15,3,21,â˜…,20%,33
1409, WARMACHINE,50,12,2,20,â˜…2,25%,32
1410, Jack of all trades,78,24,5,20,â˜…4,16%,59
1411, Mad Titan,122,18,5,20,Â ,38%,43
1412, I am from Wakanda,79,15,7,17,Â ,20%,40
1413, Prodigal Dad,85,14,3,19,â˜…2,7%,31
1414, limbehæ˜¯æ³¥é³…,35,8,5,21,â˜…,37%,21
1415, âœª shroud,60,22,4,15,â˜…3,22%,56
1416, Mister Funtatic Beast,61,23,5,13,â˜…4,21%,54
1417, Sha`,52,21,2,16,â˜…4,52%,50
1418, A N,73,17,2,15,â˜…3,41%,43
1419, Batagor,50,14,4,20,â˜…2,21%,35
1420, d3_Licious,52,42,2,15,â˜…9,16%,99
1421, NginjekNasi,50,21,2,20,â˜…4,23%,50
1422, Assist_only,116,15,7,20,â˜…3,20%,48
1423, ximashuai,92,15,4,19,Â ,20%,38
1424, Tinapz143,25,9,5,22,Â ,20%,26
1425, *IK* Sarkar,117,36,8,21,â˜…4,16%,89
1426, knife killer*<paki army>*,162,20,4,18,â˜…4,23%,56
1427, Prodigal Dad,101,17,7,21,â˜…,47%,47
1428, Mad Titan,92,14,3,23,Â ,6%,33
1429, alko X3,66,6,3,22,â˜…,16%,20
1430, MethoD,104,31,5,26,â˜…4,38%,78
1431, emraan hashmi ka right tatta,148,28,2,24,â˜…5,28%,68
1432, Predator,36,22,2,26,â˜…3,40%,50
1433, MartinMascarenhas,88,11,6,28,â˜…3,54%,34
1434, Nasheela tatta,182,8,3,26,Â ,12%,25
1435, *IK* Sarkar,182,44,5,19,â˜…5,11%,99
1436, Zwa3iii,7,24,4,19,â˜…4,24%,62
1437, Mad Titan,78,25,4,18,â˜…3,28%,60
1438, Prodigal Dad,85,19,6,25,â˜…3,21%,49
1439, knife killer*<paki army>*,131,17,9,21,Â ,17%,45
1440, stAR,50,25,2,9,â˜…6,4%,58
1441, skrrrrt,99,17,5,12,â˜…3,17%,46
1442, Mad Titan,54,16,4,10,â˜…4,37%,36
1443, Master,42,15,4,10,â˜…2,20%,36
1444, Prodigal Dad,62,15,2,8,â˜…,13%,35
1445, Kaka Halwai,35,10,1,16,â˜…2,41%,31
1446, *ChrIstMas+,45,14,2,18,Â ,28%,30
1447, VIcToR0826,81,13,2,19,â˜…,28%,30
1448, Kethlyn,85,5,3,18,â˜…,20%,17
1449, â™£Namaewa Mitsuha,44,4,0,20,Â ,25%,10
1450, Prodigal Dad,57,27,3,14,â˜…7,14%,68
1451, X,48,27,2,12,â˜…4,37%,58
1452, Mad Titan,64,21,2,11,â˜…2,23%,46
1453, Kunglau,81,15,5,14,Â ,26%,38
1454, Azog,110,9,2,12,â˜…3,22%,27
1455, ForceBeWithYou,97,20,1,18,â˜…,10%,42
1456, QqQ,46,12,4,21,â˜…,25%,34
1457, John Weak,72,13,3,19,â˜…2,38%,33
1458, ThUnDeR StRoM,26,9,3,20,â˜…3,44%,29
1459, A T KO GAMING.GG.BET,0,5,1,19,Â ,40%,11
1460, Penguin,112,28,2,10,â˜…7,10%,62
1461, ComporationX,114,22,3,11,â˜…3,45%,52
1462, GXAT_NP ttv,54,13,3,10,â˜…3,15%,35
1463, DuckReaper,93,13,1,9,â˜…2,Â ,30
1464, ChocoMansi,70,10,2,10,â˜…,20%,23
1465, Prodigal Dad,61,17,2,17,â˜…,17%,42
1466, ForceBeWithYou,98,12,1,16,â˜…3,25%,25
1467, Mad Titan,60,10,0,16,Â ,40%,23
1468, AimanTino,33,7,5,19,Â ,42%,20
1469, FiringStar,164,4,0,18,Â ,25%,10
1470, Popeye,62,25,3,19,â˜…,48%,55
1471, Prodigal Dad,79,14,2,17,â˜…3,21%,32
1472, Mad Titan,84,13,3,22,â˜…,46%,29
1473, âœª dude (à´¡àµà´¯àµà´¡àµ),58,13,3,20,Â ,38%,29
1474, â–„ï¸»Ì·Ì¿â”»Ì¿â•â”ä¸€â˜®,65,7,5,22,â˜…2,25%,19
1475, Jughead,94,27,5,16,â˜…6,33%,68
1476, coldBeera,53,29,4,15,â˜…5,31%,65
1477, ImmY,113,18,4,14,â˜…2,50%,45
1478, fLICKGAME-DIYnyx,95,13,2,13,â˜…3,Â ,36
1479, m00n,44,12,5,15,Â ,25%,31
1480, ImmY,110,34,4,16,â˜…7,35%,72
1481, The dark knight,33,31,4,19,â˜…3,45%,72
1482, WARMACHINE,73,20,1,17,â˜…4,30%,43
1483, exia,68,12,5,25,â˜…2,25%,32
1484, Ehhhh,157,11,6,17,Â ,18%,28
1485, Mk,76,23,6,21,â˜…4,29%,58
1486, Prodigal Dad,85,21,6,24,Â ,33%,48
1487, Lunar|Z|Reborn,75,20,4,19,â˜…4,40%,48
1488, â–„ï¸»Ì·Ì¿â”»Ì¿â•â”ä¸€â˜®,59,12,7,22,â˜…2,16%,38
1489, Mad Titan,77,17,2,23,â˜…,17%,37
1490, Mk,130,26,3,6,â˜…6,23%,58
1491, Mad Titan,83,17,6,9,â˜…3,23%,40
1492, Prodigal Dad,86,17,4,10,â˜…4,23%,39
1493, â–„ï¸»Ì·Ì¿â”»Ì¿â•â”ä¸€â˜®,59,12,4,4,â˜…2,25%,33
1494, De_ranker,52,11,4,11,â˜…,27%,28
1495, kromPton,56,12,0,16,â˜…2,58%,27
1496, Infernal Zeus,38,10,2,16,Â ,50%,24
1497, The dark knight,31,8,0,16,Â ,50%,16
1498, WARMACHINE,72,6,1,16,Â ,33%,15
1499, 1 1IK3 M17K,0,1,4,10,Â ,Â ,6
1500, Call Me AM,58,24,8,18,â˜…3,29%,69
1501, Prime-FAD,75,29,5,20,â˜…3,24%,67
1502, I cri everyitame,98,21,11,24,â˜…4,28%,62
1503, Default_Dead,167,21,8,23,â˜…4,28%,54
1504, GOLD TRIGGER,77,20,6,22,â˜…,25%,51
1505, Prodigal Dad,61,30,6,25,â˜…2,25%,69
1506, bhaswata08 hellcase.com,116,22,5,22,â˜…3,22%,57
1507, Mad Titan,46,20,5,23,â˜…3,35%,55
1508, 2pac,31,21,6,25,â˜…3,14%,54
1509, AAlles,81,13,9,21,â˜…4,23%,53
1510, Prodigal Dad,120,23,3,7,â˜…4,26%,49
1511, Pablo,38,20,3,12,â˜…4,10%,47
1512, Mad Titan,130,19,4,10,â˜…4,50%,44
1513, BOIIIIIIIIII,16,19,2,8,â˜…4,15%,42
1514, COOLtybbbb,119,9,8,12,Â ,33%,26
1515, ä¸æ‰“æ¶å°±åƒå¥¶å»,63,17,2,17,â˜…,35%,38
1516, Jedsadaphone,99,15,2,19,â˜…2,40%,32
1517, Rick grime',92,7,1,18,Â ,28%,19
1518, KamiGygeeBam[-æ„›-],0,6,2,18,â˜…,33%,18
1519, MasacRE | Tradeit.gg,0,1,0,6,Â ,Â ,2
1520, qz_dzaii,39,14,2,18,Â ,28%,31
1521, Prodigal Dad,147,13,1,18,â˜…2,38%,27
1522, Mad Titan,128,10,4,17,â˜…,40%,24
1523, Depresso,5,8,3,16,â˜…,25%,23
1524, K4L Vinnie,216,5,2,18,Â ,60%,14
1525, Pratta Curry Master,28,31,3,8,â˜…7,19%,67
1526, CuteLordGaben,27,28,2,10,â˜…5,25%,67
1527, PEPEK,34,12,4,10,â˜…2,15%,40
1528, CYZ-ArMee,28,11,2,10,â˜…2,9%,34
1529, MASAMUNE IZUMI,37,4,1,13,Â ,25%,17
1530, Rin. (Storia),58,44,6,16,â˜…8,31%,100
1531, âœ˜ S U P 3 R H 4 W 7  âœ˜,46,31,5,12,â˜…5,25%,73
1532, Ã–M3N,84,20,6,16,â˜…2,30%,56
1533, Shinchan Nohara,47,8,3,19,â˜…,12%,25
1534, BALE,0,5,3,9,Â ,Â ,14
1535, Mad Titan,102,22,2,22,â˜…5,36%,54
1536, Prodigal Dad,105,18,4,20,â˜…2,50%,48
1537, âœª shezk,55,19,3,24,â˜…2,21%,46
1538, DH28_itsinthegame,56,9,5,24,Â ,22%,30
1539, âœ¯â‡SÎ¹lÎµĞ¸Ñ‚SÎµĞ¸Î¹câ‡âœ¯,83,10,2,22,â˜…,30%,22
1540, Mad Titan,76,13,2,16,â˜…,7%,31
1541, Prodigal Dad,54,9,2,17,â˜…,22%,20
1542, tfw,103,9,2,15,Â ,22%,20
1543, Tere Daddy Da Fuda,163,7,0,18,â˜…,57%,16
1544, AdeebMohiuddin,0,3,1,15,Â ,Â ,7
1545, Doreen :*,73,32,0,4,â˜…5,31%,66
1546, AULIA NOVIARDI,45,13,3,6,â˜…4,7%,37
1547, âœª Gummy,88,13,1,10,â˜…,46%,34
1548, RAJA GUKGUK DARI TAPANULI,46,14,1,10,â˜…4,21%,33
1549, bored,62,12,0,11,â˜…2,58%,29
1550, Haiwan,112,18,3,14,â˜…,44%,42
1551, Mad Titan,79,14,4,19,â˜…,28%,32
1552, Prodigal Dad,45,14,2,17,â˜…,50%,30
1553, BehenDaYaara,23,13,2,16,â˜…2,23%,30
1554, ShauryanshA20 | skinhub.com,36,7,3,20,â˜…,57%,19
1555, Chin2,14,25,4,13,â˜…4,16%,56
1556, shivadelick,48,18,0,8,â˜…3,11%,45
1557, BOLT,35,16,1,12,â˜…3,31%,45
1558, Patience from Zai,29,13,1,18,â˜…3,15%,36
1559, KRATOS,38,11,7,13,â˜…3,15%,35
1560, Blackpink in your area :D,79,33,2,22,â˜…5,24%,78
1561, SnowBaff,52,29,4,18,â˜…3,41%,71
1562, Anjriit22,101,18,6,24,â˜…2,33%,48
1563, rhystris,45,17,9,26,â˜…4,11%,48
1564, GO FROGEY,43,17,3,23,â˜…,35%,42
1565, melvinganteng,51,25,7,21,â˜…3,8%,58
1566, bR_albuQuerQue,60,23,3,21,â˜…5,13%,58
1567, Magician | CS.MONEY,78,21,3,26,â˜…,23%,52
1568, Prodigal Dad,76,23,2,23,â˜…4,21%,50
1569, Mad Titan,71,21,5,23,â˜…2,23%,47
1570, LOGAN,41,30,2,19,â˜…3,36%,65
1571, âœª Make Burgers Great Again,58,14,2,20,â˜…,14%,33
1572, Optimus Prime,96,12,3,16,â˜…2,16%,30
1573, Void,43,12,2,20,â˜…,25%,27
1574, Â«Â°â˜›ReBOrNâ˜šâˆ™Â»,93,7,5,21,â˜…,62%,23
1575, Mad Titan,113,22,7,16,â˜…8,40%,62
1576, Head_HunTeR,89,26,3,14,â˜…3,30%,59
1577, Kukoo_Ka_Jaadu,97,17,2,17,â˜…2,11%,49
1578, Prodigal Dad,114,19,3,13,â˜…2,21%,46
1579, ganjedi mafia,55,13,3,16,â˜…,30%,34
1580, eL pheNom,44,9,2,2,â˜…3,22%,21
1581, DovahMorghulis,48,5,2,2,â˜…2,40%,14
1582, PabLo_EscoBAR,60,6,0,3,â˜…,83%,12
1583, Unhinged Toker,52,4,1,3,â˜…,50%,9
1584, HannibalRim,50,4,0,2,Â ,25%,9
1585, Lapyae,67,10,0,6,Â ,60%,22
1586, Prodigal Dad,88,2,0,6,Â ,50%,4
1587, Ye_bhoi,0,0,1,2,Â ,Â ,1
1588, TKG_Luffy,0,0,0,0,Â ,Â ,0
1589, Mad Titan,81,0,0,6,Â ,Â ,0
1590, ÏŸï¸MobÏŸ,74,24,2,7,â˜…7,16%,50
1591, Fat cunts,98,22,2,13,â˜…5,18%,48
1592, Mr.J,50,17,2,7,â˜…,11%,38
1593, - Kelvin,59,15,4,9,â˜…,60%,35
1594, stoopeed,56,10,6,10,â˜…2,10%,28
1595, ì§€ìˆ˜,77,13,2,17,â˜…2,46%,37
1596, Kabana,83,11,2,17,â˜…,36%,25
1597, Mad Titan,42,9,1,18,â˜…,33%,20
1598, musscle man,42,6,3,18,Â ,33%,18
1599, Prodigal Dad,53,7,0,18,Â ,Â ,16
1600, zdzc99,70,35,4,8,â˜…10,34%,79
1601, Glitchedâ„¢,27,16,2,14,â˜…4,12%,40
1602, RpK*,23,16,6,14,Â ,25%,38
1603, Death is like the wind,26,14,3,12,â˜…,28%,33
1604, beastz,22,12,5,10,â˜…,25%,29
1605, B-Ba-Baka!! S-SENPAI!!!!!,43,25,3,15,â˜…4,36%,63
1606, Prodigal Dad,92,11,4,19,Â ,27%,32
1607, 1K MMR,53,8,5,21,Â ,75%,21
1608, Mad Titan,73,8,2,20,Â ,22%,19
1609, {$P@De},0,1,1,7,â˜…,Â ,6
1610, N0thing^G,48,1,0,2,Â ,100%,2
1611, Shiri O Yokoshite Kudasai,46,1,0,2,Â ,Â ,2
1612, Hard,0,0,0,0,Â ,Â ,0
1613, Joka,107,0,0,2,Â ,Â ,0
1614, É¹ÇÆƒuÉê“¤Çuoâ…‚,32,0,0,2,Â ,Â ,0
1615, @Shroud,42,4,0,0,Â ,Â ,11
1616, Prodigal Dad,92,3,2,1,â˜…,33%,8
1617, âœªDate:Jibrilãƒ…â„¢â™¥,31,3,0,0,â˜…,33%,7
1618, BabyTiger,12,0,0,0,Â ,Â ,2
1619, La Grondement Du Haine,98,0,1,1,Â ,Â ,1
1620, BODEGA,31,17,1,17,â˜…2,41%,37
1621, LeBron_Fu,64,8,4,18,â˜…,37%,20
1622, D1FF1CULT,112,8,1,17,â˜…,25%,17
1623, MaveriCk,0,6,0,14,Â ,14%,12
1624, Blubberbu,0,5,0,10,Â ,40%,10
1625, DeKWayn,27,31,3,8,â˜…7,35%,68
1626, Branch,26,22,5,8,â˜…5,31%,64
1627, PuffCh1ef,13,13,5,13,â˜…2,30%,35
1628, à¸™à¸±à¸à¹€à¸¢à¹‡à¸”à¹€à¸ˆà¹‡à¸”à¸£à¸²à¸•à¸£à¸µ,34,13,3,10,â˜…2,15%,34
1629, Prodigal Dad,99,9,6,9,Â ,22%,24
1630, De@d$h0T,59,50,4,14,â˜…7,36%,109
1631, Prodigal Dad,69,22,5,19,â˜…5,18%,50
1632, Shay Cormac,90,20,2,15,â˜…2,10%,45
1633, Kamikaze,92,11,3,19,â˜…2,27%,33
1634, kromPton,72,8,4,15,Â ,50%,24
1635, M Ñ— Ã‡ Òš Ñ— Î­,69,28,2,20,â˜…4,Â ,63
1636, HaiHoangSG,192,17,5,22,â˜…2,47%,46
1637, sonnh22,125,17,3,22,â˜…2,35%,40
1638, SPEED,46,12,3,22,â˜…2,58%,29
1639, 092411ai,108,8,3,25,â˜…,Â ,27
1640, RÉ›ks,17,40,1,20,â˜…5,45%,92
1641, ve9om,10,29,4,20,â˜…,44%,63
1642, AlphaPhiKappa,11,24,4,23,â˜…5,29%,60
1643, Mad Titan,52,16,3,25,â˜…4,56%,43
1644, Prodigal Dad,51,8,3,16,Â ,44%,20
1645, No Tee îƒƒ,69,32,5,18,â˜…3,21%,69
1646, s0ber,40,29,1,23,â˜…5,20%,64
1647, complex,131,22,3,24,â˜…2,22%,52
1648, MindFreak YT,35,11,4,27,â˜…5,45%,34
1649, â–„ï¸»Ì·Ì¿â”»Ì¿â•â”ä¸€â˜®,56,8,2,27,Â ,11%,19
1650, Prime Number,43,23,4,11,â˜…6,17%,54
1651, Mad Titan,68,17,4,15,â˜…4,17%,39
1652, BHRASHT NETA,88,17,0,8,â˜…4,23%,38
1653, Prodigal Dad,46,15,3,10,â˜…,26%,35
1654, $Ï„ÎµâµÎœÎ±ÎºÎµr ì›ƒ,45,11,6,9,â˜…,18%,32
1655, Turtle_Boii 101,36,12,4,17,â˜…2,50%,28
1656, De$trO,97,11,2,15,â˜…,9%,24
1657, D3T0nATor-007,52,10,3,16,â˜…,40%,23
1658, ğŸ…´ğŸ…¼ğŸ…¸ğŸ…½ğŸ…´-ğŸ…¼,54,10,3,17,Â ,10%,23
1659, J.A.R.V.I.S.,55,10,3,18,Â ,40%,23
1660, MyHandzRshakin,120,28,1,17,â˜…3,39%,59
1661, Danny57,67,15,1,21,â˜…3,26%,33
1662, Fragger Satyansh,102,9,8,22,Â ,44%,26
1663, Assembler,5,4,4,19,â˜…,Â ,15
1664, GuGOLF,76,7,0,20,Â ,42%,14
1665, Mad Titan,79,25,1,10,â˜…5,20%,72
1666, Blueberry -iwnl-,62,24,6,13,â˜…2,45%,54
1667, Prodigal Dad,44,21,5,14,â˜…3,33%,52
1668, XplicT_DH,21,14,6,12,â˜…3,33%,36
1669, >_<,75,14,3,14,â˜…3,28%,35
1670, s1mple,46,33,5,10,â˜…8,30%,73
1671, HotShot,86,29,6,15,â˜…5,44%,69
1672, Gabbar,37,17,2,17,â˜…2,11%,38
1673, GSPARX,219,7,3,8,Â ,42%,18
1674, manda bathiram,80,6,2,15,â˜…,50%,15
1675, HI,117,25,1,16,â˜…3,20%,59
1676, Prodigal Dad,57,13,3,20,â˜…,30%,36
1677, TREMOR,50,11,1,21,â˜…,54%,26
1678, Mad Titan,48,11,1,20,â˜…2,36%,24
1679, MR.MAMINO,63,8,0,18,â˜…,Â ,20
1680, TREMOR,76,20,5,19,â˜…3,25%,51
1681, Prodigal Dad,92,16,4,20,â˜…,25%,40
1682, Mad Titan,79,15,4,22,â˜…,40%,38
1683, Meliodas,24,17,1,23,â˜…2,29%,36
1684, sohan the duck,55,10,3,18,â˜…2,20%,30
1685, COG_what for,86,29,4,14,â˜…5,24%,71
1686, s1mple,79,27,4,13,â˜…5,40%,67
1687, heyz22,30,21,6,14,â˜…5,14%,66
1688, Borat Sagdiyev,75,15,3,17,â˜…,18%,35
1689, real Mugiwara,109,9,7,20,Â ,33%,29
1690, Kafka,64,40,5,18,â˜…5,22%,97
1691, å—å±±å—é£å–ƒ,216,22,4,22,â˜…4,18%,61
1692, Madarchod Pyare,33,22,5,23,â˜…4,22%,53
1693, demonizerash,11,19,1,24,â˜…,47%,42
1694, <<TFM>> scp,90,15,1,23,â˜…2,26%,31
1695, Starlord [Gaurdians],26,38,2,17,â˜…7,34%,90
1696, Prodigal Dad,65,28,5,24,â˜…3,32%,68
1697, âœª bliz2y,76,24,5,25,â˜…3,12%,58
1698, Mad Titan,63,12,2,23,â˜…,33%,35
1699, FireStorm,109,8,6,28,Â ,50%,25
1700, ITSZ VEGITA,30,43,4,22,â˜…8,25%,93
1701, HEROOOM,52,23,4,25,â˜…,52%,57
1702, lexlexlexwx,80,19,6,24,â˜…4,10%,50
1703, L-Truth,102,18,6,21,â˜…,22%,49
1704, Pride,115,8,10,24,Â ,37%,32
1705, HuMane,43,46,6,22,â˜…9,34%,105
1706, LCR_L || hellcase.com,56,21,4,16,â˜…,42%,56
1707, Prodigal Dad,66,20,12,25,â˜…2,35%,53
1708, Mad Titan,73,14,7,23,â˜…,21%,41
1709, JW<J0hn W1ck>,66,14,1,25,â˜…3,21%,34
1710, BOT Luffy,69,26,7,20,â˜…,33%,64
1711, Ramta JoGi,41,25,6,16,â˜…5,16%,59
1712, MaveriCk,46,15,5,21,Â ,46%,41
1713, NO NAME BOY,68,10,2,24,â˜…,20%,25
1714, TYRION,0,6,2,12,â˜…3,16%,14
1715, GOLSAW,101,30,2,12,â˜…2,13%,67
1716, Indian Super Hero,8,21,8,20,â˜…3,42%,53
1717, It_Just_Happened,86,23,1,15,â˜…4,17%,49
1718, Gaurav,62,15,2,20,â˜…5,20%,42
1719, Prodigal Dad,71,10,9,19,â˜…2,27%,35
1720, NoobHere,46,34,6,19,â˜…9,20%,84
1721, Sauce 2K3 #Road to Global,126,30,8,23,â˜…3,46%,75
1722, PSK007,62,23,3,23,â˜…2,21%,53
1723, Abbad49606a,91,21,3,23,â˜…,19%,47
1724, cyb3rt0n,69,8,4,24,Â ,25%,25
1725, Green Mario ğŸƒ,104,38,5,22,â˜…5,21%,89
1726, Prodigal Dad,77,26,6,25,â˜…5,23%,65
1727, Mad Titan,68,19,5,23,â˜…3,42%,52
1728, Ã‡ÄptÄÃ®nâ˜…,30,20,1,23,â˜…2,5%,46
1729, HERâ¤K|TR|,0,7,6,23,Â ,25%,22
1730, Prodigal Dad,66,33,9,22,â˜…6,21%,83
1731, Mad Titan,57,22,3,26,â˜…3,27%,52
1732, Û ZI â“—â““ Û,97,20,3,23,â˜…4,25%,47
1733, kaido,83,20,2,24,â˜…,15%,44
1734, RiZk,60,16,5,21,â˜…,6%,40
1735, TwitchTV arelie93,99,33,9,22,â˜…7,24%,86
1736, Green Mario ğŸƒ,88,29,8,21,â˜…5,27%,66
1737, âœª DarkElementz â™ ,75,22,9,27,Â ,36%,56
1738, profile name,34,17,5,18,â˜…3,22%,51
1739, fad,85,14,3,24,Â ,50%,33
1740, zeromix,54,32,4,16,â˜…5,15%,72
1741, __AIME__,5,26,8,19,â˜…5,23%,70
1742, Sumarni Hasballah,73,19,3,22,â˜…3,10%,41
1743, HEROOOM,35,16,3,17,â˜…2,50%,37
1744, Rocco,23,11,7,21,â˜…,45%,29
1745, The Mamluk,15,26,4,21,â˜…4,42%,62
1746, Ph4ntom,47,22,4,19,â˜…3,18%,52
1747, Green Mario ğŸƒ,80,18,2,21,Â ,61%,43
1748, Prodigal Dad,55,15,6,23,â˜…2,46%,39
1749, Mad Titan,57,13,3,20,â˜…,42%,36
1750, KRATOS,35,26,7,22,â˜…5,29%,76
1751, ğŸ˜ˆ BAD DEVIL ğŸ˜ˆ,46,26,6,23,â˜…5,22%,62
1752, BOLT,37,19,1,22,â˜…,36%,58
1753, zyphr^,0,17,12,17,â˜…2,41%,46
1754, K$N swap.gg,461,10,3,21,â˜…,60%,27
1755, Hanai,0,29,9,22,â˜…4,32%,77
1756, SaYyIV,33,26,2,23,â˜…8,33%,66
1757, Muhaisnah,32,18,7,21,â˜…3,57%,53
1758, Prodigal Dad,0,8,1,12,Â ,25%,21
1759, Mad Titan,0,6,1,7,â˜…,28%,17
1760, AdamKill,11,17,0,20,â˜…3,52%,38
1761, teddy bear,5,17,2,15,â˜…,41%,36
1762, KAMPANGPLAYER,22,8,3,20,â˜…,37%,20
1763, CR7 BOG official,0,5,0,8,â˜…,40%,14
1764, OH MANICHE,188,4,3,22,Â ,25%,11
1765, Hanai,59,26,5,9,â˜…6,23%,78
1766, Mad Titan,83,24,6,11,â˜…5,33%,64
1767, ZP,35,18,4,11,Â ,55%,43
1768, VQ Jones | Malming,42,16,2,10,â˜…4,12%,36
1769, Prodigal Dad,81,14,4,14,â˜…,21%,36
1770, avatar,26,31,3,17,â˜…4,38%,67
1771, rCon,69,20,4,8,â˜…4,25%,53
1772, Nigaton,90,18,7,18,â˜…2,44%,51
1773, HIPITY HOPITY WomeN are PropertY,74,18,5,16,â˜…4,11%,44
1774, Blackdalf the oil master,56,11,7,17,â˜…2,27%,33
1775, KRATOS,11,25,1,21,â˜…3,42%,58
1776, Blaster_007,99,19,3,16,Â ,36%,41
1777, #Chamber,13,15,2,22,â˜…2,40%,32
1778, Prodigal Dad,68,10,5,20,â˜…,20%,27
1779, BOLT,13,7,1,19,â˜…,14%,22
1780, Jio(DHAN DHANA DHAN),13,26,8,13,â˜…5,32%,65
1781, Chin2,8,21,5,15,â˜…4,19%,50
1782, pp57,11,19,4,14,â˜…3,21%,50
1783, sK1LLZ,10,15,1,15,â˜…3,6%,34
1784, --->>>BAAP<<<---,0,7,2,2,â˜…,28%,16
1785, Astralis â€¢ SPARTAN,73,26,4,19,â˜…5,46%,64
1786, legendary eagles,54,16,2,20,â˜…2,25%,36
1787, Prodigal Dad,65,9,3,22,â˜…,22%,35
1788, Sorcerer Supreme,119,7,5,18,Â ,14%,21
1789, DAGGER Dada,64,7,2,15,Â ,14%,18
1790, Stikeve Blade,125,42,1,10,â˜…10,23%,87
1791, //TJ//,81,22,2,13,â˜…3,45%,59
1792, beliy,106,15,4,20,â˜…3,73%,38
1793, D1FF1CULT,97,11,4,18,Â ,63%,30
1794, Lucifer,101,12,2,14,Â ,38%,26
1795, ForceBeWithYou,94,21,4,21,â˜…3,42%,47
1796, Mad Titan,44,18,3,22,Â ,22%,41
1797, NeVeRMiNd,84,16,1,21,â˜…4,37%,38
1798, kaito kid,69,14,1,18,â˜…,50%,37
1799, Prodigal Dad,61,5,2,21,Â ,60%,14
1800, RÉ›ks,12,34,3,4,â˜…8,50%,71
1801, ve9om,7,15,6,11,â˜…3,60%,38
1802, D3athLorD,32,16,1,9,â˜…,18%,35
1803, AlphaPhiKappa,7,9,5,5,â˜…2,11%,28
1804, Bunny,28,12,1,10,â˜…2,50%,27
1805, trust me i am noob,43,11,2,16,â˜…,27%,35
1806, AK 47,0,11,2,15,Â ,45%,24
1807, Mad Titan,44,6,0,18,Â ,33%,12
1808, Prodigal Dad,59,6,0,18,Â ,33%,12
1809, ChokiChoki,37,5,0,18,â˜…,40%,10
1810, $}{reY@$,11,47,1,18,â˜…8,16%,107
1811, Prodigal Dad,70,23,5,24,â˜…3,30%,57
1812, champion,60,16,6,25,â˜…2,18%,41
1813, Shaitan,13,13,5,25,â˜…2,61%,37
1814, Mad Titan,41,8,6,24,Â ,Â ,26
1815, HARSH H,46,50,4,22,â˜…11,34%,109
1816, RoXx,0,20,5,15,Â ,30%,47
1817, LUCIFER,9,18,4,23,â˜…3,55%,47
1818, MacTavish,36,15,3,24,â˜…,26%,37
1819, SWAPDON,18,11,3,23,Â ,9%,25
1820, HARSH H,39,30,6,6,â˜…7,33%,68
1821, Tarr Tarr,34,25,4,1,â˜…5,36%,55
1822, lol,23,8,7,7,â˜…2,25%,26
1823, Shaitan,36,8,6,9,â˜…2,25%,26
1824, SWAPDON,34,7,3,6,Â ,Â ,20
1825, Akib,60,13,1,16,Â ,38%,29
1826, Prodigal Dad,72,5,4,16,Â ,20%,14
1827, Mad Titan,55,4,0,15,Â ,Â ,8
1828, Bloodsuckin' Hindsight,43,3,2,16,Â ,25%,8
1829, MacTavish,59,3,0,16,Â ,33%,6
1830, Akib,43,15,0,0,â˜…3,20%,33
1831, Bloodsuckin' Hindsight,62,12,2,6,â˜…3,25%,29
1832, Mad Titan,48,11,0,4,â˜…,27%,22
1833, MacTavish,38,8,4,6,â˜…2,25%,20
1834, Prodigal Dad,81,6,3,6,â˜…2,50%,16
1835, Zaytsev7,0,9,0,10,Â ,44%,18
1836, SWAPDON,16,5,2,11,Â ,20%,14
1837, AZK,124,2,3,11,Â ,50%,7
1838, GSPARX,0,2,0,7,Â ,Â ,7
1839, UncannyJee,88,2,1,11,Â ,100%,5
1840, Prodigal Dad,118,22,2,20,â˜…,31%,51
1841, å‚»å¼º,14,18,6,16,â˜…2,33%,45
1842, Mad Titan,136,8,2,19,â˜…2,37%,22
1843, Hollow_REcast,75,5,4,19,Â ,20%,15
1844, HunterZS#66,0,4,2,11,Â ,Â ,10
1845, Lamasanmepa,29,29,4,9,â˜…5,27%,71
1846, ..RF..,113,22,7,12,â˜…4,22%,63
1847, PUBGpro,130,19,0,8,â˜…2,26%,46
1848, Baooon,20,13,6,16,â˜…4,23%,37
1849, Vinsmoke,151,11,4,12,â˜…,45%,33
1850, HITman,40,26,5,22,â˜…4,30%,60
1851, VENom,93,23,0,21,â˜…5,34%,58
1852, De@Th HuNTeR,93,20,6,21,â˜…2,50%,55
1853, Demon King,86,19,7,23,â˜…2,31%,51
1854, Lost In Soul,93,18,5,22,â˜…2,33%,51
1855, WORD.EXE,73,30,4,19,â˜…3,36%,69
1856, Dr. Banner,62,28,3,18,â˜…3,46%,61
1857, Prodigal Dad,305,17,3,21,â˜…2,29%,48
1858, DAGGER Dada,59,20,3,23,â˜…5,5%,47
1859, Sorcerer Supreme,57,14,6,25,â˜…2,21%,42
1860, Dr. Banner,68,30,3,13,â˜…3,48%,81
1861, Sorcerer Supreme,73,21,6,23,â˜…4,14%,52
1862, DAGGER Dada,69,21,3,17,â˜…2,4%,48
1863, Astralis â€¢ SPARTAN,89,17,1,16,â˜…3,47%,42
1864, Prodigal Dad,78,13,5,22,â˜…,23%,36
1865, HyperX,44,24,3,20,â˜…7,33%,75
1866, chingchong.exe,75,19,6,22,â˜…4,23%,59
1867, è›‡ã€‚CoCo,654,19,6,21,â˜…3,42%,53
1868, s1mple,68,16,3,19,â˜…2,52%,47
1869, âœª Chemistry,56,9,6,24,Â ,22%,30
1870, Oblivion,50,34,5,20,â˜…6,29%,90
1871, Kavourl,34,25,10,23,â˜…5,40%,63
1872, ãƒ’ãƒ©ãƒ«,75,24,4,25,â˜…2,33%,57
1873, kakarotom,109,20,5,19,â˜…2,20%,48
1874, kzcx,36,9,6,25,Â ,44%,28
1875, Sorcerer Supreme,146,32,5,18,â˜…5,15%,75
1876, Dr. Banner,63,25,4,25,â˜…3,20%,62
1877, K1CO,221,25,4,25,â˜…3,32%,60
1878, DAGGER Dada,61,18,5,19,â˜…2,22%,49
1879, Prodigal Dad,92,12,4,25,â˜…2,16%,34
1880, RUARUARUA!!!,47,18,5,9,â˜…3,27%,41
1881, Afro John,28,19,0,7,â˜…5,31%,39
1882, My name is Pizza,29,9,1,9,â˜…2,33%,19
1883, ğŸ‘»SandveechğŸ‘»,56,7,3,5,â˜…,14%,19
1884, Gosty,30,6,2,6,Â ,Â ,15
1885, Andrew,0,10,4,10,â˜…2,20%,27
1886, Êzu,0,11,1,10,Â ,8%,26
1887, Prodigal Dad,98,7,3,14,â˜…,14%,19
1888, {Gab_Rich}<>,34,6,0,11,Â ,33%,15
1889, [TW]INFINITY,0,0,1,10,â˜…,Â ,5
1890, LetsGoPeople,44,22,2,21,â˜…2,31%,49
1891, MobbyDickies,61,21,4,19,â˜…4,33%,48
1892, PocoLoco,68,15,4,19,â˜…,33%,37
1893, RiPpEr,172,12,4,21,â˜…2,8%,29
1894, NIK007,5,10,1,21,Â ,40%,23
1895, Soul Kaos,47,19,3,14,â˜…4,26%,63
1896, mpi-92,51,25,1,15,â˜…5,20%,52
1897, ASSylumxxx,80,22,3,15,â˜…4,36%,50
1898, Rain,49,19,6,18,â˜…,26%,47
1899, Prodigal Dad,112,16,6,18,â˜…2,18%,42
1900, DrAWP,46,32,6,17,â˜…8,46%,80
1901, Prodigal Dad,77,29,4,22,â˜…3,20%,65
1902, notCarr0t,19,16,5,25,â˜…2,12%,49
1903, +xfzero31,5,12,4,25,â˜…,Â ,33
1904, Mad Titan,58,13,4,25,â˜…,Â ,32
1905, stefx,97,28,7,20,â˜…4,32%,69
1906, Namek,120,24,5,22,â˜…3,20%,62
1907, !r!s,20,22,8,21,â˜…4,36%,54
1908, Raigo,95,20,4,22,â˜…3,25%,50
1909, manda bathiram,48,19,5,18,â˜…,36%,48
1910, tHe_sIcK_bOy,102,20,4,13,â˜…3,60%,44
1911, ||Baburao Apte||,22,19,3,12,â˜…3,15%,44
1912, sala,47,20,3,7,â˜…5,20%,43
1913, warning#fury,100,14,3,10,â˜…3,28%,31
1914, KAPTAAN,22,10,4,10,â˜…2,40%,24
1915, Prodigal Dad,67,15,1,16,â˜…2,40%,31
1916, Dragon_King,16,12,2,16,Â ,41%,26
1917, áµ°â„µáµ°â„›â„‚â„‹y,0,11,1,13,â˜…,54%,23
1918, notCarr0t,16,8,3,18,Â ,25%,19
1919, Mad Titan,108,5,2,17,Â ,100%,12
1920, LUSCIOUS,53,25,4,15,â˜…4,24%,61
1921, Gryffindor,93,25,2,10,â˜…3,24%,55
1922, GotKilledbyaNoob,64,20,2,18,â˜…6,45%,49
1923, Cyka Meister,61,15,8,13,â˜…2,13%,44
1924, EDZero,38,14,2,16,â˜…,60%,33
1925, <Taki_Taki>,56,18,4,20,â˜…,33%,44
1926, maxkiller,52,18,2,20,â˜…2,55%,42
1927, Mad Titan,101,14,1,22,â˜…,28%,33
1928, Prodigal Dad,68,11,3,19,â˜…3,54%,28
1929, UdayG97,41,11,2,19,â˜…,54%,26
1930, notCarr0t,15,25,3,21,â˜…2,40%,61
1931, Prodigal Dad,55,22,8,21,â˜…8,31%,61
1932, â•¾â”â•¤ãƒ‡â•¦ï¸»#SHROOV,39,21,3,23,â˜…3,33%,48
1933, Tráº¯ng DÃ¡i,73,20,2,18,â˜…2,25%,47
1934, Mad Titan,45,14,6,25,Â ,28%,39
1935, |x PAIN x|,44,34,4,21,â˜…6,11%,85
1936, FLEECAS,46,22,2,17,â˜…5,17%,58
1937, âœªS1xsia,67,23,1,19,Â ,30%,50
1938, âœªKAZILâœª,68,16,8,27,â˜…,25%,43
1939, Cat_Fish,47,11,3,20,â˜…3,36%,31
1940, CoachPot,70,18,1,15,â˜…2,44%,42
1941, âœªS1xsia,70,13,3,14,â˜…,61%,34
1942, bumble bee,82,13,3,19,â˜…,38%,32
1943, SG*,130,9,2,19,Â ,36%,20
1944, SIOPAO,61,7,1,14,Â ,14%,17
1945, é¾™ç TV 70KG,89,26,4,9,â˜…7,30%,69
1946, notCarr0t,18,21,5,14,â˜…4,14%,66
1947, Prodigal Dad,60,10,5,14,â˜…3,40%,39
1948, â•¾â”â•¤ãƒ‡â•¦ï¸»#SHROOV,42,14,3,11,Â ,42%,38
1949, Mad Titan,50,8,3,14,â˜…2,25%,24
1950, â•¾â”â•¤ãƒ‡â•¦ï¸»#SHROOV,39,8,0,11,â˜…,50%,16
1951, sirmasterlonghorn,0,2,1,11,Â ,Â ,5
1952, MesMerz,0,2,0,6,Â ,33%,4
1953, SANBO,0,1,0,6,Â ,100%,2
1954, Zeit zu tÃ¶ten,0,0,1,4,Â ,Â ,1
1955, é¾™ç TV 70KG,88,28,4,4,â˜…7,42%,61
1956, notCarr0t,175,10,1,1,â˜…,10%,28
1957, profile name,45,9,2,2,â˜…2,22%,21
1958, Mad Titan,108,4,0,5,â˜…,75%,12
1959, Prodigal Dad,65,3,1,4,Â ,33%,11
1960, Kartik2323,60,33,2,19,â˜…4,24%,83
1961, R3aSon,53,27,8,12,â˜…6,28%,76
1962, KILLERaj2151 BitSkins.com,27,18,4,21,â˜…2,50%,46
1963, Ant-Tony,48,15,2,19,â˜…3,Â ,38
1964, chintu,0,10,2,3,â˜…,10%,25
1965, M.$ Heart Breaked Kid...!!!! $$,43,33,6,20,â˜…5,9%,83
1966, let me fly to somewhere,68,16,6,21,â˜…5,43%,50
1967, Mad Titan,115,17,6,21,â˜…,47%,48
1968, Prodigal Dad,65,14,1,24,â˜…2,28%,41
1969, zmjs,64,8,5,25,Â ,Â ,24
1970, Tjezel ATD,74,13,4,18,â˜…,38%,30
1971, +xfzero31,28,13,1,16,Â ,21%,27
1972, Mad Titan,65,11,5,20,â˜…,36%,27
1973, Captain_Falcon,59,11,3,18,â˜…,Â ,25
1974, Prodigal Dad,97,8,3,18,â˜…,25%,21
1975, Br@v0,13,27,3,12,â˜…6,33%,61
1976, Ra_gha,83,23,4,11,â˜…5,43%,57
1977, Bullet,11,21,2,8,â˜…2,19%,48
1978, KNIGHTSMAN,82,12,2,13,â˜…,41%,31
1979, Cupcake,31,6,6,13,â˜…2,33%,31
1980, jhand,38,25,5,20,â˜…4,32%,70
1981, BOT Sattu,33,24,4,23,â˜…5,37%,64
1982, Paul Walker,59,27,1,20,â˜…3,55%,58
1983, godthuglife,67,20,7,23,â˜…,20%,50
1984, Dahi Bhalla,60,14,4,16,â˜…3,42%,44
1985, åˆ˜äº¦è²,90,28,1,18,â˜…4,14%,64
1986, Prodigal Dad,75,20,5,23,â˜…3,25%,51
1987, Mad Titan,54,19,2,24,â˜…3,31%,48
1988, +xfzero31,9,18,8,23,â˜…,22%,48
1989, notCarr0t,0,17,3,21,â˜…,11%,43
1990, SwaggerKhan.mibr,41,30,4,12,â˜…9,20%,71
1991, Sirius Black PVPRO.COM,54,19,3,10,â˜…,26%,43
1992, Prodigal Dad,83,18,4,14,â˜…2,27%,43
1993, Mad Titan,73,15,6,16,â˜…2,6%,37
1994, Arcangel,23,10,1,13,â˜…2,40%,22
1995, BOT Sattu,8,23,0,21,â˜…3,39%,48
1996, godthuglife,43,15,4,18,â˜…,13%,39
1997, Dahi Bhalla,34,11,4,16,â˜…,18%,30
1998, jhand,23,9,1,19,â˜…,33%,19
1999, CharcoalGraph,47,7,2,19,â˜…,50%,16
2000, ã„¨Seniora,25,14,3,17,â˜…2,57%,33
2001, Mad Titan,86,13,1,16,Â ,46%,32
2002, Prodigal Dad,90,10,1,18,Â ,10%,21
2003, kiki,109,7,2,15,Â ,57%,17
2004, catroza,15,7,2,18,Â ,14%,17
2005, Louusyy,17,25,1,5,â˜…5,20%,72
2006, Oasis,33,16,2,8,â˜…4,50%,47
2007, shabadelic,79,17,4,14,â˜…4,47%,44
2008, Hellooo...,108,15,5,11,â˜…2,40%,36
2009, kathmeister,32,11,6,13,â˜…,18%,33
2010, Steppenwolf,72,28,3,8,â˜…3,10%,62
2011, Eldridge,87,25,7,9,â˜…5,20%,57
2012, ThundeR,56,21,1,9,â˜…4,19%,46
2013, . is pro,62,7,3,4,â˜…3,42%,19
2014, urti96,79,4,2,7,â˜…,25%,10
2015, !r!s,25,12,0,16,â˜…,33%,27
2016, Call Me AM,57,11,1,16,â˜…,18%,26
2017, Mad Titan,49,5,2,18,Â ,60%,14
2018, Prodigal Dad,97,4,2,18,Â ,25%,12
2019, The_B!RD,63,4,1,18,Â ,50%,9
2020, SaGeMoDE,97,35,6,14,â˜…6,11%,88
2021, attitude addjustment,38,26,3,18,â˜…2,26%,62
2022, pacobaningurip,68,14,6,21,â˜…3,7%,41
2023, Cyka'Bliak~FML,77,18,2,15,â˜…3,61%,40
2024, miĞ˜e,80,14,2,19,â˜…2,35%,37
2025, Prodigal Dad,56,28,5,21,â˜…4,17%,67
2026, RED DRAGON EMPEROR,41,20,4,21,â˜…2,40%,59
2027, !r!s,28,20,4,19,â˜…3,35%,50
2028, Mad Titan,46,16,3,22,â˜…2,31%,36
2029, Akai,54,7,1,25,â˜…,14%,20
2030, Noctural._.XD,72,35,3,20,â˜…6,31%,79
2031, Mario,5,29,1,17,â˜…4,20%,68
2032, king of bad time,8,20,2,16,â˜…4,20%,60
2033, <3,95,14,8,23,â˜…,42%,39
2034, Hasheesh,93,10,8,26,â˜…,50%,29
2035, F i n e a p p l e,23,39,4,20,â˜…6,30%,87
2036, Prodigal Dad,41,20,3,19,â˜…2,35%,48
2037, THUNDER GAMING,63,18,1,21,â˜…2,33%,44
2038, ACE_#:),59,13,7,25,â˜…,23%,37
2039, Mad Titan,39,12,3,23,â˜…2,16%,37
2040, ACE_#:),75,23,5,15,â˜…3,30%,53
2041, F i n e a p p l e,12,21,2,8,â˜…4,42%,45
2042, THUNDER GAMING,79,20,0,10,â˜…3,35%,43
2043, Mad Titan,57,17,4,11,â˜…6,35%,40
2044, Prodigal Dad,56,13,5,12,Â ,30%,32
2045, ó €¡,46,18,1,16,â˜…2,27%,40
2046, POLO,42,11,7,20,â˜…,25%,32
2047, ANTRAXX,93,13,1,20,â˜…,23%,30
2048, oh yeah let's go,22,8,3,21,Â ,12%,19
2049, kratos,91,6,1,20,â˜…,42%,13
2050, saikka-113,88,23,3,24,â˜…5,47%,51
2051, Mihawk,71,19,4,20,â˜…,21%,47
2052, killurself,41,18,3,20,â˜…,27%,39
2053, LONG LONG MAN,81,15,5,20,â˜…2,20%,39
2054, footfeather,54,11,2,22,â˜…,18%,29
2055, ACE_#:),70,24,5,19,â˜…5,29%,66
2056, Kurome,57,26,3,14,â˜…3,23%,62
2057, THUNDER GAMING,72,22,8,17,â˜…2,34%,59
2058, Mad Titan,62,19,3,17,â˜…5,42%,51
2059, Prodigal Dad,70,14,2,20,â˜…,28%,32
2060, ivy,74,29,2,17,â˜…4,37%,61
2061, Primefaya,57,18,6,17,â˜…2,22%,49
2062, AAAAAAHHHH,136,20,6,17,â˜…2,30%,47
2063, Hamzaeiii_Fk_Me,184,17,5,19,â˜…4,35%,42
2064, Titan,0,14,2,4,â˜…4,7%,34
2065, âœª LOWPROF1LE,32,19,5,20,â˜…3,57%,50
2066, Prodigal Dad,64,22,1,21,Â ,18%,49
2067, The_Very_Harsh,115,17,3,17,â˜…5,17%,40
2068, Hadi (~^_^~),83,13,4,23,â˜…2,23%,30
2069, Mad Titan,53,13,3,20,â˜…,Â ,29
2070, Summer couldn't warm my heart,70,39,5,20,â˜…7,38%,85
2071, Dannyâ–¶,109,24,4,22,â˜…4,20%,55
2072, Rhino,89,22,2,22,â˜…,27%,48
2073, Impaler,76,13,2,20,â˜…,14%,41
2074, Dying,33,17,3,21,â˜…2,17%,38
2075, âœª LOWPROF1LE,38,22,7,22,â˜…6,13%,69
2076, The_Very_Harsh,105,24,3,19,â˜…3,45%,55
2077, Prodigal Dad,72,21,3,22,â˜…3,23%,50
2078, Hadi (~^_^~),88,20,4,26,â˜…,5%,46
2079, Mad Titan,61,17,5,27,â˜…2,47%,45
2080, MUSALMAAN,38,38,6,21,â˜…7,50%,89
2081, NiGhTkInG,41,24,2,15,â˜…3,20%,59
2082, KHOYA _KHA,77,18,5,20,â˜…2,38%,47
2083, Mad Titan,53,16,3,23,â˜…,50%,39
2084, Prodigal Dad,69,17,3,26,â˜…3,33%,38
2085, Mr. Wick,35,36,2,23,â˜…6,19%,78
2086, The_Very_Harsh,100,21,6,22,â˜…2,14%,58
2087, lycan,84,21,6,27,â˜…2,47%,52
2088, Devil,88,13,3,20,â˜…3,38%,39
2089, AmonOrc,0,9,2,13,Â ,11%,25
2090, Astr0.,59,23,6,9,â˜…6,50%,58
2091, I can't trust these hoes,105,21,5,9,â˜…3,40%,51
2092, Prodigal Dad,61,15,1,6,â˜…3,26%,34
2093, Mad Titan,84,11,3,11,â˜…3,36%,28
2094, Nirob,74,10,2,12,â˜…,40%,23
2095, KAS,5,16,3,15,â˜…,50%,41
2096, ash,13,7,3,18,â˜…,Â ,17
2097, -80 -40 -99,0,5,0,10,Â ,Â ,15
2098, Fluk3_meister,0,3,2,13,Â ,33%,8
2099, ExtraBright,0,3,0,8,â˜…,Â ,6
2100, Prodigal Dad,60,23,6,17,â˜…4,34%,57
2101, Dedrix007,38,23,6,14,â˜…,13%,54
2102, Zuzu,75,19,7,19,â˜…3,21%,51
2103, REALWARRIOR619,33,18,7,15,â˜…6,5%,45
2104, Mad Titan,52,17,5,20,â˜…2,29%,39
2105, SHIRO,90,32,3,20,â˜…5,50%,67
2106, ::The Blizz::Mene_Nahi_Mara,33,20,3,19,â˜…4,40%,46
2107, MIKE,106,15,3,22,Â ,6%,38
2108, Call Me AM,56,10,4,19,Â ,20%,30
2109, MASAMUNE IZUMI,0,3,0,5,Â ,33%,6
2110, LonewolF,98,36,8,23,â˜…5,41%,99
2111, *** Y@$# ***,68,18,6,24,â˜…3,22%,50
2112, kromPton,25,17,5,21,â˜…3,47%,44
2113, shreyanshug509,28,11,5,25,â˜…2,36%,35
2114, COmPO SY *_^,0,2,1,4,Â ,100%,5
2115, simplyminion,63,33,7,19,â˜…6,36%,88
2116, FadeD^ from_PUNE,76,22,6,20,â˜…3,34%,58
2117, xxx,40,20,4,16,â˜…3,28%,57
2118, Prodigal Dad,66,18,2,20,â˜…,16%,48
2119, Mad Titan,43,18,6,25,â˜…3,16%,46
2120, Noni the simpleston,47,31,7,23,â˜…7,16%,75
2121, Ram,66,17,9,18,â˜…3,11%,58
2122, *** Y@$# ***,92,21,4,19,â˜…5,28%,57
2123, COmPO SY *_^,5,21,3,19,Â ,23%,50
2124, BlacK{}PantheR<>786,5,17,6,21,â˜…,11%,43
2125, Head_HunTeR,97,23,6,21,â˜…4,26%,61
2126, Prodigal Dad,83,21,3,22,â˜…2,38%,55
2127, Kukoo_Ka_Jaadu,100,21,4,23,â˜…,52%,51
2128, Mad Titan,82,15,3,22,â˜…3,31%,49
2129, Elon Musk,8,19,6,20,â˜…,47%,47
2130, Tisu Toilet Master,19,18,9,21,â˜…3,27%,46
2131, Prodigal Dad,88,19,2,19,â˜…3,21%,44
2132, Mad Titan,77,19,1,19,â˜…,21%,43
2133, CR7,81,14,1,19,â˜…,28%,33
2134, pÃ…Ãn â„¢,84,9,2,22,Â ,33%,21
2135, Ferdi:3,26,27,6,21,â˜…6,62%,61
2136, PAMIT DARI GAME ONLINE !!,28,23,0,14,â˜…2,17%,50
2137, Wonder,29,16,3,17,â˜…3,37%,49
2138, Momo,0,17,3,12,â˜…3,57%,47
2139, CIREBON EXPRESS,27,14,1,16,â˜…2,21%,37
2140, Prodigal Dad,55,33,0,17,â˜…5,30%,76
2141, duelling.monster,35,31,5,21,â˜…7,41%,71
2142, AsTra_01,86,24,4,17,â˜…3,29%,60
2143, Mad Titan,98,14,4,21,Â ,42%,37
2144, inspire_3m,88,12,3,20,â˜…,25%,34
2145, santhoshSE,21,29,5,26,â˜…4,31%,75
2146, Takenpuppet,38,24,3,23,â˜…2,29%,59
2147, Remember my name,80,22,5,22,â˜…5,27%,58
2148, hawk,35,15,3,22,â˜…2,40%,33
2149, Rawther,22,6,1,21,Â ,50%,18
2150, DhruvS,21,14,4,17,â˜…,42%,32
2151, NO NAME BOY,76,13,0,16,â˜…2,15%,30
2152, ComporationX,0,10,7,17,Â ,9%,27
2153, Wh4t,43,8,3,18,Â ,12%,22
2154, KD,0,0,2,16,Â ,Â ,4
2155, AsTra_01,87,21,4,12,â˜…2,14%,57
2156, duelling.monster,39,23,3,8,â˜…5,26%,55
2157, Prodigal Dad,60,16,3,6,â˜…3,25%,54
2158, inspire_3m,91,15,1,8,â˜…5,26%,43
2159, Mad Titan,63,10,1,12,â˜…,20%,24
2160, De$trO,109,26,1,17,â˜…3,19%,62
2161, duelling.monster,18,23,5,17,â˜…6,21%,52
2162, AsTra_01,75,19,5,15,â˜…4,42%,52
2163," azazellette, :(",41,17,5,17,Â ,23%,44
2164, Thunder Bolt,25,16,1,18,â˜…3,31%,44
2165, Prodigal Dad,39,25,2,18,â˜…2,32%,57
2166, #LORDVEER#,72,24,3,22,â˜…3,25%,51
2167, Boyka csgoatse.com,72,12,4,21,â˜…3,16%,30
2168, Mad Titan,36,11,1,20,Â ,18%,30
2169, gunslingerltd,59,12,2,17,â˜…2,25%,29
2170, Zawan007,31,22,3,21,â˜…2,22%,51
2171, CPT_Devistator,94,23,3,17,â˜…3,30%,49
2172, Prodigal Dad,45,17,5,24,â˜…2,41%,47
2173, Mad Titan,42,20,1,21,â˜…2,25%,46
2174, svmgpt,80,18,5,22,â˜…3,44%,43
2175, PUSSY DESTROYER AMAR,77,29,4,22,â˜…4,13%,66
2176, akupenatlah,70,22,8,19,â˜…,31%,54
2177, shreyK31,5,20,8,23,â˜…3,25%,51
2178, Nuclear Claw,22,21,4,21,â˜…3,33%,50
2179, shroud,69,19,1,18,â˜…5,15%,41
2180, heddie_08,56,4,0,7,Â ,25%,8
2181, Prodigal Dad,85,4,0,7,Â ,25%,8
2182, Dr Doga,44,2,2,6,Â ,100%,6
2183, Mad Titan,0,2,0,6,Â ,50%,4
2184, Faisal khan,0,0,0,6,Â ,Â ,0
2185, Rina,86,10,1,1,â˜…4,50%,21
2186, ã‚¿ Jokes,68,4,3,3,â˜…,20%,19
2187, Pler,66,6,3,4,â˜…,33%,17
2188, .::_n00b_::.,56,6,2,2,â˜…,50%,14
2189, Midorima ShintarÅ,93,5,2,3,Â ,60%,14
2190, Please don't report me,73,21,1,19,â˜…4,19%,47
2191, {A.W.P},42,21,1,19,Â ,66%,45
2192, Prodigal Dad,75,17,4,19,â˜…2,41%,40
2193, hjalhindi,91,13,3,21,â˜…2,38%,32
2194, Mad Titan,57,10,3,21,Â ,60%,24
2195, HawkEye,117,29,4,14,â˜…5,27%,63
2196, x20v CS:GO,18,25,2,16,â˜…4,32%,60
2197, Default_Dead,86,21,5,20,â˜…4,33%,52
2198, I cri everyitame,65,17,3,15,â˜…2,23%,46
2199, EvadaVada,47,7,2,17,â˜…,14%,21
2200, UNFAIR,16,28,3,23,â˜…4,25%,70
2201, MacTavish,68,23,6,19,â˜…3,43%,59
2202, Uj72i,32,25,4,21,â˜…4,28%,56
2203, KAI,78,20,0,21,â˜…,30%,45
2204, Mr. GoODNight,32,14,1,19,â˜…3,21%,31
2205, m3rx,14,28,4,18,â˜…6,10%,70
2206, Prodigal Dad,82,25,2,22,â˜…3,20%,59
2207, TOXIN,80,20,6,25,â˜…3,20%,54
2208, Prince Vegeta,83,19,5,21,â˜…3,33%,47
2209, Mad Titan,64,9,8,26,Â ,33%,28
2210, Deefrost,111,39,2,18,â˜…8,28%,93
2211, puru3306,54,20,5,19,â˜…2,5%,50
2212, C1SCO,86,19,6,18,â˜…3,15%,48
2213, DarKAngeL,52,14,3,20,â˜…3,14%,47
2214, Frostbyte72,996,4,3,19,Â ,Â ,15
2215, AsTra_01,97,31,5,20,â˜…3,25%,73
2216, Prodigal Dad,134,28,2,14,â˜…4,25%,70
2217, Mad Titan,115,21,3,18,â˜…2,19%,55
2218, MASAMUNE IZUMI,0,9,3,19,â˜…2,Â ,25
2219, Itachi uchiha,0,3,4,14,Â ,33%,10
2220, MUSALMAAN,65,24,4,22,â˜…4,20%,55
2221, ARAKANAMI77,83,23,3,17,â˜…4,26%,55
2222, Mad Titan,52,18,1,21,Â ,11%,41
2223, Tae ng kalabaw?,22,17,3,23,â˜…3,50%,37
2224, Prodigal Dad,39,13,2,24,â˜…2,46%,28
2225, StealPro,53,32,2,18,â˜…3,6%,71
2226, Almonds4Lyfe,68,25,1,19,â˜…6,20%,65
2227, RANK AA GYI HIHHIHIHIHIHIHI,106,21,4,20,â˜…3,42%,47
2228, Future GH,106,14,4,19,â˜…3,42%,44
2229, shroud,66,13,5,21,â˜…,30%,39
2230, WINCHESTER,59,37,5,18,â˜…6,37%,84
2231, VENOM,57,21,7,16,â˜…5,19%,50
2232, SHIVAAY,64,21,2,16,â˜…4,28%,48
2233, Slade Reaper,58,15,3,17,â˜…,40%,38
2234, JONEY,67,9,5,17,Â ,36%,30
2235, Mad Titan,47,22,5,23,â˜…2,36%,56
2236, Swaggerman,67,18,5,20,â˜…3,33%,43
2237, shroud,94,17,2,19,Â ,23%,41
2238, ifqnx.FH,39,14,3,21,â˜…2,28%,32
2239, Prodigal Dad,46,12,5,22,â˜…2,25%,30
2240, NITROGEN,112,30,3,14,â˜…6,20%,66
2241, PREDATOR GAMING,44,20,5,16,â˜…4,35%,54
2242, æ¯’å¥¶ä¸»æ’­.é‡é¸¡ç‹,93,18,2,17,â˜…2,50%,45
2243, BLACKLION,88,17,3,16,â˜…2,29%,43
2244, Baadal9 | Indianshr0ud,41,15,1,17,â˜…2,18%,32
2245, Kaatil,81,28,5,17,â˜…3,10%,68
2246, Mad Titan,58,13,2,19,â˜…,23%,42
2247, Game over**^,50,18,3,23,â˜…2,16%,39
2248, Issunboshi,100,14,5,20,â˜…2,21%,37
2249, Prodigal Dad,63,5,4,23,â˜…,60%,14
2250, kromPton,50,16,2,17,â˜…2,37%,40
2251, Umar cs.money,64,18,1,18,â˜…2,38%,39
2252, pos 1,116,17,0,19,â˜…,11%,34
2253, Prodigal Dad,101,9,3,21,â˜…,88%,21
2254, Mad Titan,0,2,1,8,Â ,50%,5
2255, PETA,47,27,3,13,â˜…3,22%,60
2256, NightFury,20,19,6,15,â˜…4,42%,57
2257, shadowcreep,31,23,3,11,â˜…,13%,52
2258, Kaddu,130,13,1,14,â˜…5,23%,47
2259, no_ObieSauruS,27,12,2,17,â˜…3,58%,38
2260, whizsak,107,29,5,10,â˜…8,17%,65
2261, joKer,72,23,3,10,â˜…4,39%,49
2262, legendz,58,13,9,15,â˜…2,23%,38
2263, no_ObieSauruS,45,12,1,10,â˜…,33%,29
2264, Blade,70,10,3,6,â˜…,30%,24
2265, BANG_BANG,91,14,4,17,Â ,42%,33
2266, IG6V,7,15,2,18,â˜…,33%,32
2267, pinkmaN,132,7,3,15,â˜…,Â ,23
2268, Mad Titan,155,8,0,18,â˜…,37%,22
2269, Prodigal Dad,160,7,0,17,â˜…,42%,21
2270, Raped And Autistic,11,37,0,4,â˜…7,16%,82
2271, robloxweeb420,49,21,6,8,â˜…5,28%,51
2272, CrIoLit3,79,13,1,8,â˜…3,38%,32
2273, Mad Titan,73,8,3,10,â˜…,37%,21
2274, Prodigal Dad,90,8,1,8,Â ,37%,19
2275, Maxberry.JAGS.IN,62,11,0,17,â˜…,27%,25
2276, FALCON_46,31,9,0,18,Â ,55%,23
2277, IVY23,39,10,1,17,â˜…,40%,22
2278, Waterbyte,98,5,2,18,Â ,Â ,16
2279, Standin.Wannabe,0,3,1,11,Â ,33%,12
2280, JONEY,55,47,6,21,â˜…7,25%,107
2281, VENOM,56,28,3,23,â˜…5,31%,64
2282, Slade Reaper,65,11,7,28,Â ,45%,29
2283, WINCHESTER,59,10,3,26,Â ,40%,23
2284, AM-47,38,8,5,20,Â ,37%,23
2285, Jerryboink,78,28,10,20,â˜…5,17%,73
2286, __nuBie__,43,29,4,21,â˜…7,23%,68
2287, Prodigal Dad,91,27,2,19,â˜…2,29%,64
2288, Mad Titan,92,18,6,24,â˜…,27%,46
2289, G2 Esports â˜œâœªâ˜ Â©ï¸andyS,124,12,3,21,â˜…,23%,30
2290, f0rcE,110,25,6,9,â˜…7,16%,64
2291, Akki,130,19,5,12,â˜…5,26%,48
2292, 2814188457,118,18,2,12,â˜…2,27%,40
2293, DarkStar,99,12,2,12,â˜…,8%,30
2294, DAROGA HAPPU SINGH,134,7,6,15,â˜…,28%,20
2295, loco?,40,20,2,15,â˜…2,10%,46
2296, Prodigal Dad,0,18,0,16,Â ,31%,39
2297, MacTavish,31,7,2,16,â˜…,28%,21
2298, Mad Titan,255,9,2,18,Â ,11%,20
2299, Standin.Wannabe,5,5,4,17,Â ,60%,14
2300, ç©ç‰©ä¸§å¿—,94,21,1,19,â˜…3,28%,46
2301, Prodigal Dad,95,15,2,22,Â ,20%,33
2302, Milk and Cookies,5,12,2,19,â˜…4,25%,30
2303, Mad Titan,114,4,2,22,â˜…,Â ,14
2304, Green.,0,0,0,2,Â ,Â ,0
2305, ODÂ·VEÂ·Delta,82,28,3,10,â˜…6,21%,65
2306, ç™½ç»™å°‘å¹´èŒ„å­,72,28,4,12,â˜…4,35%,62
2307, In The LingLing,19,18,9,16,â˜…4,25%,47
2308, L-X-D,61,15,3,10,â˜…,20%,35
2309, Negev,11,9,3,12,â˜…,30%,25
2310, ã‚¼ãƒ³,49,28,8,11,â˜…7,21%,70
2311, SAJID_DIJAS,69,28,3,9,â˜…3,25%,62
2312, Shay Cormac,81,21,3,13,â˜…2,57%,47
2313, Prodigal Dad,57,12,5,16,â˜…2,16%,33
2314, Mad Titan,98,12,1,10,â˜…2,41%,25
2315, Swaggerman,67,13,3,18,â˜…2,46%,33
2316, Head_HunTeR,82,13,6,23,â˜…,38%,32
2317, Peek-A-Boo,64,12,3,21,â˜…2,58%,31
2318, Trex,27,11,3,19,Â ,18%,26
2319, Kukoo_Ka_Jaadu,82,11,3,20,â˜…2,18%,25
2320, Dj Shincan~,24,27,5,11,â˜…5,40%,60
2321, f0rsaken,43,21,2,9,â˜…4,19%,51
2322, NobitaChan,60,20,6,16,â˜…3,35%,48
2323, ??? :D ???,40,20,2,15,â˜…4,28%,48
2324, Kiryu,64,11,5,16,Â ,33%,33
2325, Ganker is back!,67,19,1,20,â˜…2,21%,40
2326, DARK PHOENIX,31,16,5,21,â˜…3,43%,40
2327, Prodigal Dad,86,12,4,20,â˜…,41%,31
2328, MONKEY.D.LUFFY,14,13,0,19,â˜…,30%,28
2329, Mad Titan,99,5,4,21,Â ,Â ,18
2330, Arc,5,31,6,15,â˜…6,32%,72
2331, æˆ‘çš„é©¬é¸­ï¼,58,21,8,18,â˜…4,43%,58
2332, KanoDS,76,25,4,17,â˜…5,44%,54
2333, Prodigal Dad,92,18,3,20,â˜…,38%,45
2334, Mad Titan,154,7,3,20,Â ,Â ,18
2335, Dj Blaytman,48,24,5,23,â˜…3,16%,55
2336, SaminXV,52,19,3,20,â˜…3,31%,53
2337, NiggaSonic,49,16,5,19,â˜…3,18%,46
2338, Piash,55,17,4,20,â˜…2,29%,44
2339, Nirob,35,13,6,22,Â ,23%,33
2340, dIcevIn,62,26,3,19,â˜…2,26%,61
2341, VERSEå­æ­Œ,78,18,2,16,â˜…,33%,48
2342, åŒ—å‡‰é’è¡«,77,14,5,21,â˜…4,14%,39
2343, auren,53,14,4,21,â˜…3,35%,34
2344, EDISON :D,52,11,7,24,Â ,54%,33
2345, Cypher,37,44,5,15,â˜…8,22%,104
2346, Kodiuty,88,21,6,15,â˜…,23%,56
2347, Prodigal Dad,108,15,3,18,â˜…2,33%,42
2348, Iceb0r666,65,11,6,21,â˜…2,18%,32
2349, bekwi,18,10,4,14,â˜…3,30%,31
2350, à¸‰à¸¥à¸²à¸¡à¸›à¸±à¸,27,40,2,13,â˜…7,32%,92
2351, E L E M E N T,54,21,5,17,â˜…5,71%,48
2352, Jon snow,45,18,3,13,â˜…2,16%,47
2353, Ariella <3,11,12,7,18,â˜…2,8%,31
2354, âœªBLUE,74,8,4,15,Â ,25%,20
2355, IGç‰›é€¼,75,24,7,21,â˜…2,58%,58
2356, nanack666666,40,18,2,17,â˜…3,31%,49
2357, ç¾å›¢å¤–å–,111,17,2,19,â˜…3,11%,39
2358, Prodigal Dad,98,10,1,23,Â ,30%,23
2359, âœªÎ˜Ğ´Î˜Supreä¸¿ç¬BlueBlue,85,6,1,19,Â ,16%,13
2360, Remember my name,91,25,4,19,â˜…6,32%,61
2361, xxBOSSxx,86,26,6,18,â˜…2,23%,60
2362, Dimitri,240,19,6,22,â˜…2,42%,51
2363, G4YLORD,0,16,7,24,â˜…,18%,40
2364, __nuBie__,50,16,2,24,â˜…,31%,35
2365, Nightmare,73,34,4,21,â˜…5,52%,82
2366, âœªï¸ deviceâ„¢ï¸»èŠ«â•â”€â”€,0,24,5,16,â˜…4,16%,59
2367," HackeR ""X""",52,20,4,18,â˜…4,33%,45
2368, Hero,80,16,4,22,â˜…2,25%,45
2369, Prodigal Dad,52,11,2,21,â˜…,36%,25
2370, Elite_ignite126,73,23,5,11,â˜…3,17%,59
2371, `SerĞ¡hawee,30,22,2,9,â˜…4,18%,49
2372, Mintinww,25,16,8,14,â˜…,37%,43
2373, Biji Ontaufik,11,18,2,20,â˜…4,10%,41
2374, JupiterOx,23,11,7,11,â˜…4,27%,35
2375, The_Taey(TH),30,18,1,17,â˜…,16%,42
2376, 007,47,17,3,17,â˜…,35%,38
2377, Edlog,96,14,3,18,â˜…2,28%,34
2378, Prodigal Dad,104,9,1,20,â˜…,22%,23
2379, Ellie Billish++,0,4,0,4,Â ,50%,8
2380, ãƒšãƒ‰ãƒ­ã§ã¯ãªã„,52,32,6,13,â˜…6,28%,88
2381, Ava Capri Palazzolo,59,29,4,10,â˜…6,37%,65
2382, Hazide,67,19,5,12,â˜…2,57%,50
2383, maxsin28,98,7,5,15,â˜…,12%,25
2384, bahlol,55,8,0,12,â˜…,37%,21
2385, DovahMorghulis,39,20,3,18,â˜…3,40%,51
2386, Prodigal Dad,63,11,6,21,â˜…,45%,32
2387, â™£ âŒ  - Jennie - âŒ¡ â™£,82,13,4,20,â˜…2,30%,30
2388, bryanlow2016,76,10,2,18,Â ,60%,28
2389, FrailNut,0,0,0,0,Â ,Â ,0
2390, fazeeiZn0g0uD,35,33,2,12,â˜…7,25%,86
2391, bat-killer,28,26,6,15,â˜…3,11%,60
2392, DARTH VADER7,30,17,6,17,â˜…,58%,41
2393, MHK1121,27,18,1,17,â˜…3,22%,39
2394, Mehtab Ak47,0,10,6,9,â˜…2,40%,26
2395, Tentaclebob Squarepants,58,26,3,21,â˜…5,23%,67
2396, Prodigal Dad,61,24,0,22,â˜…2,33%,50
2397, vealadinosour,103,14,5,22,â˜…3,13%,40
2398, BLOOD LUST 2,8,13,5,25,â˜…,15%,31
2399, Mad Titan,49,5,8,24,Â ,20%,20
2400, Sad Monalisa,90,18,5,15,â˜…,38%,42
2401, JALALZ,30,15,1,13,Â ,40%,33
2402, Prodigal Dad,69,10,1,16,Â ,30%,21
2403, Mad Titan,50,3,3,16,Â ,Â ,9
2404, ghost,83,0,3,16,Â ,Â ,3
2405, rinzler09,70,19,0,5,â˜…5,10%,52
2406, SheepSticked's Fan,90,22,2,11,â˜…3,40%,50
2407, lycan,94,13,4,7,â˜…3,46%,41
2408, SUT!!!!!!!!!!!!!!,82,11,4,12,â˜…4,45%,40
2409, Moriarty,96,11,3,12,â˜…,33%,35
2410, Hunt,57,21,5,18,â˜…2,42%,50
2411, Al_chem_ist,74,13,2,16,â˜…,30%,34
2412, Kronos,69,13,1,17,â˜…,53%,27
2413, Prodigal Dad,85,11,3,20,â˜…,54%,26
2414, Mad Titan,85,8,3,20,Â ,37%,20
2415, ve9om,25,32,5,13,â˜…6,40%,79
2416, RÉ›ks,37,26,2,10,â˜…9,42%,61
2417, Bunny,28,11,7,19,â˜…,9%,34
2418, Handsome,26,11,6,13,Â ,36%,34
2419, D3athLorD,39,11,4,11,Â ,18%,28
2420, Nasty Matre,30,22,5,19,â˜…3,27%,57
2421, Vergil,23,18,3,21,â˜…3,22%,46
2422, Chacha Chaudhary,18,14,5,21,â˜…,21%,35
2423, Prodigal Dad,88,14,3,20,â˜…,28%,35
2424, Mad Titan,33,10,1,22,Â ,40%,24
2425, Al_chem_ist,82,26,5,15,â˜…4,42%,69
2426, Kronos,67,26,1,14,â˜…5,34%,61
2427, M_2Q,38,19,4,20,â˜…2,21%,44
2428, Killer ãƒ„,39,18,3,14,â˜…2,11%,41
2429, Hunt,59,13,3,16,â˜…3,50%,41
2430, <.:Serizawa:.> cs.money,145,20,4,9,â˜…5,35%,52
2431, DHawk,59,21,2,12,â˜…6,19%,49
2432, NeO312,29,15,3,9,â˜…,40%,39
2433, ThE Z3r0 CooL GuY,41,15,3,10,â˜…3,26%,37
2434, âœª K i N K âœª [ iNiTiALs],28,13,0,8,â˜…,23%,28
2435, Alcat + hellcase.com,56,17,1,18,Â ,35%,35
2436, A$hWATHAMA,44,15,1,16,â˜…,25%,35
2437, C00king Camp3r,89,11,1,16,â˜…3,45%,23
2438, Prodigal Dad,105,2,1,17,Â ,Â ,9
2439, Mad Titan,90,2,0,18,Â ,Â ,6
2440, AK 47,36,36,7,8,â˜…8,11%,90
2441, 6sq6,16,27,1,9,â˜…7,29%,61
2442, Mad Titan,85,11,5,14,â˜…,36%,29
2443, Prodigal Dad,96,9,4,14,Â ,33%,27
2444, EvilSparrow,0,3,1,1,Â ,66%,8
2445, â˜…ğ„ğ’ğ‚ğğÃğ‘,5,17,2,19,â˜…3,23%,46
2446, ii_DESTROoY,5,15,2,19,â˜…,26%,39
2447, H6o1,5,13,4,19,â˜…,35%,35
2448, A0803,5,10,5,21,â˜…,30%,30
2449, malblooshii6,5,3,0,14,Â ,33%,6
2450, Ded$ec | Pvpro.com,5,26,7,20,â˜…2,26%,65
2451, <...>,38,27,6,21,â˜…6,37%,62
2452, Silver,37,23,2,17,â˜…2,21%,52
2453, Mad Titan,82,7,3,22,Â ,Â ,19
2454, Prodigal Dad,90,4,1,23,Â ,Â ,9
2455, â™ ËÆ¦Ä™Æ´Å¾Æ¦ËËÓ¿Ó¾Ó¿,42,30,4,15,â˜…7,43%,78
2456, 3aballii Burger (UAE),31,24,1,17,â˜…3,70%,56
2457, out_of_form(genius)_hardtime,71,20,2,18,â˜…3,40%,46
2458, Skadoodle-Best_Awper_Ever,109,16,1,17,â˜…,25%,35
2459, âœ¯SAD BOOBIEğŸ”¥,56,13,5,20,â˜…2,61%,31
2460, âœªTrendz,60,36,5,15,â˜…8,36%,93
2461, Round-1,78,26,5,18,â˜…3,38%,65
2462, LuNaTiK--,44,23,5,16,â˜…5,34%,53
2463, Prodigal Dad,86,9,4,17,Â ,44%,24
2464, Mad Titan,86,6,1,16,Â ,Â ,18
2465, evoL,53,23,4,19,â˜…3,30%,58
2466, Adrenaline Rush.......,47,16,3,20,â˜…3,12%,52
2467, PRICKSTER*,47,20,5,19,â˜…3,30%,48
2468, HAIVAAN,39,13,4,23,â˜…,30%,31
2469, xKo,49,11,5,20,Â ,27%,28
2470, Swaggerman,74,23,4,18,â˜…4,34%,62
2471, Mad Titan,109,25,0,19,â˜…3,36%,50
2472, Prodigal Dad,119,23,2,19,â˜…,21%,48
2473, !_@m_n003,46,18,5,20,â˜…4,22%,48
2474, Duke,43,16,2,24,â˜…4,25%,34
2475, Deefrost,83,30,11,24,â˜…5,23%,71
2476, DarKAngeL,46,26,1,16,â˜…3,23%,58
2477, Shan,89,17,11,23,â˜…,41%,51
2478, C1SCO,82,19,7,18,â˜…2,10%,47
2479, Frostbyte72,5,8,7,20,Â ,25%,25
2480, Cxw,13,16,1,16,â˜…3,18%,37
2481, GRRowLL,55,12,5,16,â˜…,41%,29
2482, Mad Titan,130,9,2,18,Â ,66%,20
2483, Prodigal Dad,145,7,1,18,Â ,71%,17
2484, PaszaBajceps i chuj,0,0,0,0,Â ,Â ,0
2485, shikariii,71,25,6,10,â˜…5,20%,60
2486, no_lettuce,82,21,7,10,â˜…6,47%,57
2487, moize,42,16,5,11,â˜…3,12%,55
2488, machinix,62,12,7,13,â˜…2,23%,44
2489, flalex,48,10,1,11,Â ,30%,31
2490, LO$T,49,26,4,18,â˜…4,23%,58
2491, Potat03 ReactÂ¡0n HELLCASE.COM,7,15,4,19,â˜…,20%,36
2492, P3RFECT,45,13,2,19,â˜…,30%,28
2493, Prodigal Dad,139,6,5,22,Â ,50%,17
2494, JAYYDON (I AM VEENOM),37,4,3,20,Â ,25%,11
2495, TRA1LBLAZER,61,26,1,11,â˜…7,30%,66
2496, Lockheed,45,25,3,12,â˜…4,44%,58
2497, NiGhTkInG,66,22,2,9,â˜…2,27%,52
2498, PsYcHo HuNtEr,35,14,3,17,â˜…2,14%,35
2499, Sergent_Douchebag,35,11,3,14,â˜…,63%,31
2500, Prodigal Dad,0,14,1,15,Â ,46%,29
2501, Storm,99,11,1,16,â˜…,9%,23
2502, prithivibasumatary,0,5,1,13,Â ,Â ,11
2503, â˜­âœ¯condo,64,5,0,15,Â ,16%,10
2504, Mad Titan,0,1,0,12,Â ,Â ,2
2505, RaGe,56,22,4,5,â˜…6,36%,55
2506, osama.aijaz123,53,19,2,8,â˜…4,15%,49
2507, zerian,55,12,3,7,â˜…2,25%,30
2508, OmniSaiyanPrince,57,11,2,11,â˜…2,54%,30
2509, Legend Killer,60,9,3,9,â˜…2,33%,26
2510, Dr. Banner,51,14,5,18,â˜…3,28%,35
2511, Sorcerer Supreme,72,13,3,18,â˜…,30%,31
2512, DAGGER Dada,51,12,2,16,Â ,25%,31
2513, WORD.EXE,65,13,1,16,â˜…,30%,28
2514, Prodigal Dad,59,7,3,17,Â ,71%,18
2515, Saucy Potato,25,22,1,9,â˜…4,22%,55
2516, |^KiLLsWitch^|,69,22,2,13,â˜…2,22%,49
2517, DangerD,82,17,5,12,â˜…4,33%,47
2518, KAIZEN,56,8,4,14,â˜…2,12%,36
2519, VenoM,132,14,1,9,â˜…4,42%,30
2520, JiM,108,24,4,5,â˜…7,33%,59
2521, IZZ,91,17,4,2,â˜…2,41%,42
2522, BUSHER,50,15,3,9,â˜…2,Â ,38
2523, epiDepspi,79,15,2,9,â˜…3,33%,33
2524, WiS,41,9,5,8,â˜…2,22%,26
2525, Sorcerer Supreme,44,11,2,16,Â ,45%,26
2526, DAGGER Dada,109,8,3,16,â˜…,25%,20
2527, WORD.EXE,91,8,2,16,Â ,62%,20
2528, Dr. Banner,44,4,2,17,Â ,Â ,12
2529, Prodigal Dad,56,1,1,16,Â ,Â ,7
2530, Sorcerer Supreme,100,23,4,19,â˜…2,30%,53
2531, Dr. Watson,57,19,2,21,â˜…3,15%,47
2532, DAGGER Dada,76,18,8,19,â˜…4,22%,47
2533, Astralis â€¢ SPARTAN,63,21,2,22,â˜…,57%,45
2534, Prodigal Dad,65,2,0,20,Â ,50%,4
2535, V1v3k,25,27,3,18,â˜…6,55%,64
2536, SNORK,7,26,3,17,â˜…4,30%,55
2537, Meteor,44,22,4,19,â˜…3,18%,48
2538, â˜œâ˜†â˜DEADSHOTâ˜œâ˜†â˜,42,16,4,11,â˜…3,31%,42
2539, H A C K E R . C F G â•°_â•¯,99,5,5,16,Â ,20%,15
